ev_id,type,type_certainty,agency,evaluation_mode,evaluation_status,origin_time,longitude,longitude_error,latitude,latitude_error,depth,depth_error,method_id,earth_model_id,horizontal_uncertainty,min_horizontal_uncertainty,max_horizontal_uncertainty,azimuth_max_horizontal_uncertainty,semi_major_axis_length,semi_minor_axis_length,semi_intermediate_axis_length,major_axis_plunge,major_axis_azimuth,major_axis_rotation,associated_phase_count,used_phase_count,associated_station_count,used_station_count,depth_phase_count,standard_error,azimuthal_gap,secondary_azimuthal_gap,ground_truth_level,minimum_distance,maximum_distance,median_distance,magnitude,uncertainty,type,method_id,station_count,evaluation_status
10008g52,earthquake,,us,manual,reviewed,2017-04-10 01:18:41.890000,-103.2568,0.0368,31.1608,0.0351,5000.0,2000.0,smi:us.anss.org/metadata/methodid/origin/RayLocator/1.0,smi:us.anss.org/metadata/methodid/earthModel/ak135/1.0,3500.0,4200.0,6700.0,37.0,6700.0,2900.0,4200.0,2.0,37.0,94.0,39,39,,,,0.74,51.0,77.0,,0.562,,,3.0,0.085,mb_Lg,1.0,41,reviewed
10008mt4,earthquake,,us,manual,reviewed,2017-05-01 21:52:47.620000,-103.3201,0.0473,31.1426,0.0468,1760.0,7600.0,smi:us.anss.org/metadata/methodid/origin/RayLocator/1.0,smi:us.anss.org/metadata/methodid/earthModel/ak135/1.0,4800.0,5653.0,6960.0,159.0,11600.0,6600.0,8000.0,80.0,173.0,167.0,56,56,,,,0.5,51.0,81.0,,0.52,,,3.2,0.064,mb_Lg,1.0,71,reviewed
2000a4kd,earthquake,,us,manual,reviewed,2017-08-04 17:05:36.030000,-103.2706,0.0168,31.161,0.0117,2750.0,5400.0,smi:us.anss.org/metadata/methodid/origin/RayLocator/1.0,smi:us.anss.org/metadata/methodid/earthModel/ak135/1.0,1300.0,1211.0,2391.0,121.0,8200.0,1400.0,2800.0,88.0,177.0,124.0,50,22,,,,0.86,76.0,100.0,,0.551,,,2.8,0.075,mb_Lg,1.0,46,reviewed
2000a95w,earthquake,,us,manual,reviewed,2017-08-17 20:42:59.770000,-103.2656,0.0326,31.1626,0.0216,5000.0,2000.0,smi:us.anss.org/metadata/methodid/origin/RayLocator/1.0,smi:us.anss.org/metadata/methodid/earthModel/ak135/1.0,2500.0,3000.0,5300.0,301.0,5300.0,2700.0,3000.0,0.0,301.0,0.0,36,17,,,,0.93,54.0,94.0,,0.555,,,2.7,0.104,mb_Lg,1.0,28,reviewed
2000a9zt,earthquake,,us,manual,reviewed,2017-08-20 20:48:34.740000,-103.2693,0.0315,31.1194,0.0072,5000.0,2000.0,smi:us.anss.org/metadata/methodid/origin/RayLocator/1.0,smi:us.anss.org/metadata/methodid/earthModel/ak135/1.0,1500.0,3000.0,4600.0,278.0,4600.0,1100.0,3000.0,3.0,278.0,181.0,27,23,,,,0.54,72.0,85.0,,0.569,,,2.8,0.089,mb_Lg,1.0,50,reviewed
2000a9zw,earthquake,,us,manual,reviewed,2017-08-20 20:54:31.440000,-103.2654,0.0336,31.1533,0.0207,5000.0,2000.0,smi:us.anss.org/metadata/methodid/origin/RayLocator/1.0,smi:us.anss.org/metadata/methodid/earthModel/ak135/1.0,2600.0,3100.0,5100.0,294.0,5100.0,3000.0,3100.0,1.0,294.0,267.0,20,20,,,,0.64,99.0,105.0,,0.558,,,2.8,0.098,mb_Lg,1.0,39,reviewed
2000aa4g,earthquake,,us,manual,reviewed,2017-08-21 09:44:02.880000,-103.2556,0.0326,31.1248,0.0225,4110.0,1700.0,smi:us.anss.org/metadata/methodid/origin/RayLocator/1.0,smi:us.anss.org/metadata/methodid/earthModel/ak135/1.0,2700.0,2894.0,4367.0,117.0,5500.0,1100.0,3600.0,23.0,291.0,291.0,29,29,,,,0.77,54.0,84.0,,0.578,,,2.8,0.076,mb_Lg,1.0,55,reviewed
2000aevc,earthquake,,us,manual,reviewed,2017-09-03 06:24:36.060000,-103.3225,0.0399,31.1217,0.0306,5000.0,1900.0,smi:us.anss.org/metadata/methodid/origin/RayLocator/1.0,smi:us.anss.org/metadata/methodid/earthModel/ak135/1.0,3200.0,3400.0,7000.0,130.0,7000.0,2900.0,3400.0,2.0,130.0,275.0,39,34,,,,1.15,57.0,88.0,,0.528,,,2.7,0.093,mb_Lg,1.0,39,reviewed
2000aevi,earthquake,,us,manual,reviewed,2017-09-03 06:27:39.030000,-103.2636,0.021,31.1731,0.0081,5000.0,1900.0,smi:us.anss.org/metadata/methodid/origin/RayLocator/1.0,smi:us.anss.org/metadata/methodid/earthModel/ak135/1.0,1300.0,2900.0,3000.0,89.0,3000.0,1400.0,2900.0,27.0,89.0,1.0,38,24,,,,0.41,77.0,102.0,,0.552,,,3.1,0.064,mb_Lg,1.0,86,reviewed
2000amr0,earthquake,,us,manual,reviewed,2017-09-14 20:11:54.220000,-103.2947,0.0336,31.1684,0.0234,5000.0,2000.0,smi:us.anss.org/metadata/methodid/origin/RayLocator/1.0,smi:us.anss.org/metadata/methodid/earthModel/ak135/1.0,2800.0,3600.0,5200.0,296.0,5200.0,3000.0,3600.0,0.0,296.0,277.0,40,24,,,,0.69,55.0,86.0,,0.529,,,3.2,0.052,ML,1.0,48,reviewed
2000av7x,earthquake,,us,manual,reviewed,2017-09-27 04:09:33.540000,-103.2019,0.0189,31.1219,0.0198,5000.0,2000.0,smi:us.anss.org/metadata/methodid/origin/RayLocator/1.0,smi:us.anss.org/metadata/methodid/earthModel/ak135/1.0,1600.0,3000.0,4100.0,321.0,4100.0,1400.0,3000.0,0.0,321.0,188.0,30,30,,,,0.46,52.0,81.0,,0.621,,,2.8,0.117,mb_Lg,1.0,26,reviewed
2000av9q,earthquake,,us,manual,reviewed,2017-09-27 09:15:12.300000,-103.2711,0.0221,31.1485,0.0135,5000.0,1900.0,smi:us.anss.org/metadata/methodid/origin/RayLocator/1.0,smi:us.anss.org/metadata/methodid/earthModel/ak135/1.0,1800.0,2900.0,3300.0,78.0,3300.0,2300.0,2900.0,3.0,78.0,0.0,27,18,,,,0.5,75.0,99.0,,0.556,,,3.0,0.114,mb_Lg,1.0,25,reviewed
1000av65,earthquake,,us,manual,reviewed,2017-09-27 09:16:23.100000,-103.2141,0.0168,31.1808,0.018,5000.0,1900.0,smi:us.anss.org/metadata/methodid/origin/RayLocator/1.0,smi:us.anss.org/metadata/methodid/earthModel/ak135/1.0,1700.0,2900.0,3500.0,134.0,3500.0,1400.0,2900.0,27.0,134.0,329.0,21,16,,,,0.28,161.0,200.0,,0.59,,,2.8,0.18,mb_Lg,1.0,10,reviewed
2000avaw,earthquake,,us,manual,reviewed,2017-09-27 10:57:32.110000,-103.2798,0.0263,31.1698,0.0189,5000.0,1900.0,smi:us.anss.org/metadata/methodid/origin/RayLocator/1.0,smi:us.anss.org/metadata/methodid/earthModel/ak135/1.0,2200.0,2900.0,4200.0,121.0,4200.0,2600.0,2900.0,0.0,121.0,180.0,20,17,,,,0.23,77.0,101.0,,0.541,,,2.6,0.106,mb_Lg,1.0,25,reviewed
1000avcx,earthquake,,us,manual,reviewed,2017-10-21 21:50:34.700000,-103.2981,0.0294,31.1485,0.027,1200.0,4800.0,smi:us.anss.org/metadata/methodid/origin/RayLocator/1.0,smi:us.anss.org/metadata/methodid/earthModel/ak135/1.0,2600.0,2411.0,4899.0,137.0,8200.0,2500.0,4500.0,58.0,126.0,25.0,34,27,,,,0.22,74.0,87.0,,0.497,,,3.1,0.074,mb_Lg,1.0,47,reviewed
1000aved,earthquake,,us,manual,reviewed,2017-10-22 01:57:19.770000,-103.356,0.0452,31.1699,0.027,5000.0,2000.0,smi:us.anss.org/metadata/methodid/origin/RayLocator/1.0,smi:us.anss.org/metadata/methodid/earthModel/ak135/1.0,3100.0,3100.0,7400.0,121.0,7400.0,2900.0,3100.0,0.0,121.0,193.0,22,22,,,,0.58,58.0,90.0,,0.481,,,2.7,0.147,mb_Lg,1.0,15,reviewed
1000aveu,earthquake,,us,manual,reviewed,2017-10-22 02:53:14.690000,-103.3354,0.0442,31.1785,0.0288,5000.0,2000.0,smi:us.anss.org/metadata/methodid/origin/RayLocator/1.0,smi:us.anss.org/metadata/methodid/earthModel/ak135/1.0,3300.0,3500.0,7200.0,122.0,7200.0,3000.0,3500.0,0.0,122.0,267.0,42,41,,,,0.66,57.0,76.0,,0.493,,,3.3,0.077,mb_Lg,1.0,51,reviewed
1000awi8,earthquake,,us,manual,reviewed,2017-10-24 23:54:52.380000,-103.3131,0.0284,31.1957,0.0243,5000.0,2000.0,smi:us.anss.org/metadata/methodid/origin/RayLocator/1.0,smi:us.anss.org/metadata/methodid/earthModel/ak135/1.0,2600.0,3500.0,4600.0,315.0,4600.0,2900.0,3500.0,1.0,315.0,240.0,27,27,,,,0.36,56.0,87.0,,0.493,,,2.6,0.117,mb_Lg,1.0,21,reviewed
1000ayf4,earthquake,,us,manual,reviewed,2017-10-30 02:23:44.340000,-103.2331,0.0252,31.1543,0.0171,2210.0,7500.0,smi:us.anss.org/metadata/methodid/origin/RayLocator/1.0,smi:us.anss.org/metadata/methodid/earthModel/ak135/1.0,2100.0,2421.0,3129.0,75.0,11600.0,2600.0,3400.0,81.0,224.0,47.0,38,38,,,,0.73,52.0,83.0,,0.444,,,2.6,0.114,mb_Lg,1.0,27,reviewed
texnet2017vscb,earthquake,known,TX,manual,final,2017-11-05 17:44:19.143546,-103.321,1.2057586565824714,31.182,1.3818414512934682,7766.1,2722.50966869713,smi:org.gfz-potsdam.de/geofon/NonLinLoc,smi:org.gfz-potsdam.de/geofon/PB1D-20170918-topoLV,2095.672363447389,1828.616617633823,2095.672363447389,179.71835634580253,5124702.281283721,2261552.6545214476,2580690.466716255,175.97323374774547,-66.27707130675509,88.31180232461232,27,10,,8,,0.3,70.0,131.0,-,0.3,0.5,0.5,1.8,0.0,ML,mean,3,confirmed
2000blfb,earthquake,,us,manual,reviewed,2017-11-10 14:44:55.650000,-103.3065,0.0147,31.1647,0.0099,1150.0,7800.0,smi:us.anss.org/metadata/methodid/origin/RayLocator/1.0,smi:us.anss.org/metadata/methodid/earthModel/ak135/1.0,1100.0,1083.0,2048.0,58.0,11900.0,1200.0,2400.0,88.0,325.0,93.0,26,26,,,,0.44,76.0,101.0,,0.498,,,3.0,0.088,mb_Lg,1.0,41,reviewed
2000c4sj,earthquake,,us,manual,reviewed,2017-12-15 09:53:41.180000,-103.2814,0.0189,31.1384,0.0126,5000.0,2000.0,smi:us.anss.org/metadata/methodid/origin/RayLocator/1.0,smi:us.anss.org/metadata/methodid/earthModel/ak135/1.0,1500.0,3000.0,3100.0,121.0,3100.0,1700.0,3000.0,23.0,121.0,182.0,41,18,,,,0.81,60.0,98.0,,0.488,,,3.3,0.045,ML,1.0,64,reviewed
1000bsxn,earthquake,,us,manual,reviewed,2017-12-19 04:59:37.350000,-103.2392,0.0483,31.1514,0.0279,5000.0,2000.0,smi:us.anss.org/metadata/methodid/origin/RayLocator/1.0,smi:us.anss.org/metadata/methodid/earthModel/ak135/1.0,1700.0,3000.0,8400.0,303.0,8400.0,800.0,3000.0,0.0,303.0,357.0,41,41,,,,0.7,51.0,59.0,GT5,0.242,,,2.5,0.109,mb_Lg,1.0,23,reviewed
1000bwx0,earthquake,,us,manual,reviewed,2017-12-27 23:50:37.560000,-103.3311,0.0242,31.1834,0.0207,5000.0,2000.0,smi:us.anss.org/metadata/methodid/origin/RayLocator/1.0,smi:us.anss.org/metadata/methodid/earthModel/ak135/1.0,1600.0,3100.0,4800.0,134.0,4800.0,1000.0,3100.0,2.0,134.0,348.0,30,30,,,,0.68,57.0,92.0,,0.495,,,2.7,0.17,mb_Lg,1.0,9,reviewed
tx2018bpfgvr,earthquake,known,TX,manual,final,2018-01-23 10:42:16.849766,-103.321,2.253996263419507,31.197,1.1702007503665124,6586.9,4122.515882713564,smi:org.gfz-potsdam.de/geofon/NonLinLoc,smi:org.gfz-potsdam.de/geofon/PB1D-20170918-topoLV,3550.628181981736,1492.560920750708,3550.628181981736,107.33844913718804,8276156.114574522,1802803.8264406768,3319037.519723759,22.560074775170346,157.8023020923933,94.20217276730246,17,13,,8,,0.3,111.0,177.0,-,0.2,0.9,0.5,2.2,0.3,ML,trimmed_mean,8,confirmed
2000d0n2,earthquake,,us,manual,reviewed,2018-02-11 21:39:05.160000,-103.2893,0.0473,31.1738,0.0279,5000.0,1900.0,smi:us.anss.org/metadata/methodid/origin/RayLocator/1.0,smi:us.anss.org/metadata/methodid/earthModel/ak135/1.0,1600.0,3000.0,8200.0,124.0,8200.0,600.0,3000.0,0.0,124.0,186.0,52,52,,,,0.71,47.0,76.0,GT5,0.212,,,3.0,0.091,ML,1.0,62,reviewed
2000dc22,earthquake,,us,manual,reviewed,2018-03-04 13:57:52.960000,-103.2977,0.0221,31.1496,0.009,6920.0,5200.0,smi:us.anss.org/metadata/methodid/origin/RayLocator/1.0,smi:us.anss.org/metadata/methodid/earthModel/ak135/1.0,1500.0,1321.0,2731.0,84.0,8000.0,1500.0,3200.0,87.0,154.0,110.0,31,20,,,,0.32,73.0,111.0,GT5,0.23,,,2.7,0.1,mb_Lg,1.0,29,reviewed
1000d1ks,earthquake,,us,manual,reviewed,2018-03-08 17:41:32.740000,-103.2415,0.041,31.2118,0.0216,5000.0,2000.0,smi:us.anss.org/metadata/methodid/origin/RayLocator/1.0,smi:us.anss.org/metadata/methodid/earthModel/ak135/1.0,2000.0,3000.0,6900.0,120.0,6900.0,1300.0,3000.0,3.0,120.0,184.0,36,33,,,,1.08,52.0,84.0,,0.299,,,2.5,0.154,mb_Lg,1.0,12,reviewed
1000d4us,earthquake,,us,manual,reviewed,2018-03-15 17:47:01.970000,-103.2466,0.0231,31.151,0.018,5000.0,2000.0,smi:us.anss.org/metadata/methodid/origin/RayLocator/1.0,smi:us.anss.org/metadata/methodid/earthModel/ak135/1.0,1700.0,3000.0,4300.0,131.0,4300.0,1600.0,3000.0,0.0,131.0,181.0,29,16,,,,0.41,70.0,106.0,GT5,0.24,,,3.0,0.088,ML,1.0,58,reviewed
1000edj5,earthquake,,us,manual,reviewed,2018-05-28 20:15:46.000000,-103.2235,0.021,31.1319,0.0117,5000.0,1800.0,smi:us.anss.org/metadata/methodid/origin/RayLocator/1.0,smi:us.anss.org/metadata/methodid/earthModel/ak135/1.0,1300.0,2700.0,3500.0,299.0,3500.0,1200.0,2700.0,17.0,299.0,357.0,56,25,,,,0.34,67.0,78.0,GT5,0.228,,,3.0,0.085,ML,1.0,70,reviewed
1000ehr0,earthquake,,us,manual,reviewed,2018-06-03 07:44:31.540000,-103.2372,0.0231,31.1197,0.0153,6770.0,6200.0,smi:us.anss.org/metadata/methodid/origin/RayLocator/1.0,smi:us.anss.org/metadata/methodid/earthModel/ak135/1.0,1900.0,2252.0,2814.0,103.0,9400.0,2600.0,3300.0,87.0,180.0,102.0,41,19,,,,0.57,53.0,90.0,GT5,0.212,,,3.1,0.115,ML,1.0,62,reviewed
1000ehtw,earthquake,,us,manual,reviewed,2018-06-03 10:57:20.490000,-103.2473,0.0221,31.1606,0.045,3610.0,5600.0,smi:us.anss.org/metadata/methodid/origin/RayLocator/1.0,smi:us.anss.org/metadata/methodid/earthModel/ak135/1.0,3100.0,2390.0,6692.0,168.0,8700.0,2800.0,7700.0,72.0,348.0,360.0,42,30,,,,0.43,71.0,80.0,GT5,0.249,,,3.1,0.07,ML,1.0,68,reviewed
1000eibw,earthquake,,us,manual,reviewed,2018-06-04 02:41:06.580000,-103.2503,0.0105,31.159,0.018,5000.0,1900.0,smi:us.anss.org/metadata/methodid/origin/RayLocator/1.0,smi:us.anss.org/metadata/methodid/earthModel/ak135/1.0,1400.0,2900.0,3100.0,173.0,3100.0,1500.0,2900.0,19.0,173.0,182.0,43,29,,,,0.34,71.0,107.0,GT5,0.246,,,2.7,0.096,mb_Lg,1.0,35,reviewed
2000fqqz,earthquake,,us,manual,reviewed,2018-06-28 23:37:30.120000,-103.3209,0.0074,31.1924,0.0144,5000.0,1800.0,smi:us.anss.org/metadata/methodid/origin/RayLocator/1.0,smi:us.anss.org/metadata/methodid/earthModel/ak135/1.0,1000.0,2400.0,2900.0,167.0,2900.0,1000.0,2400.0,65.0,167.0,9.0,44,27,,,,1.07,56.0,92.0,,0.271,,,2.7,0.089,mb_Lg,1.0,41,reviewed
2000h7e7,earthquake,,us,manual,reviewed,2018-09-03 23:46:49.930000,-103.2517,0.0116,31.1396,0.0126,5000.0,1800.0,smi:us.anss.org/metadata/methodid/origin/RayLocator/1.0,smi:us.anss.org/metadata/methodid/earthModel/ak135/1.0,1200.0,2100.0,2800.0,180.0,2800.0,1300.0,2100.0,66.0,180.0,36.0,56,28,,,,0.64,53.0,90.0,GT5,0.227,,,3.0,0.07,mb_Lg,1.0,67,reviewed
2000h7ef,earthquake,,us,manual,reviewed,2018-09-03 23:48:18.460000,-103.2309,0.0179,31.1359,0.0099,5000.0,1800.0,smi:us.anss.org/metadata/methodid/origin/RayLocator/1.0,smi:us.anss.org/metadata/methodid/earthModel/ak135/1.0,1400.0,2700.0,2800.0,265.0,2800.0,1500.0,2700.0,63.0,265.0,24.0,18,17,,,,0.36,53.0,96.0,GT5,0.229,,,2.9,0.295,mb_Lg,1.0,4,reviewed
2000h7eg,earthquake,,us,manual,reviewed,2018-09-03 23:50:18.380000,-103.2168,0.02,31.1244,0.0072,5000.0,1800.0,smi:us.anss.org/metadata/methodid/origin/RayLocator/1.0,smi:us.anss.org/metadata/methodid/earthModel/ak135/1.0,1100.0,2700.0,3100.0,280.0,3100.0,900.0,2700.0,35.0,280.0,11.0,19,19,,,,0.32,52.0,97.0,GT5,0.223,,,2.6,0.161,mb_Lg,1.0,11,reviewed
1000h8cj,earthquake,,us,manual,reviewed,2018-10-07 06:14:18.720000,-103.2924,0.0221,31.1823,0.0162,5000.0,1200.0,smi:us.anss.org/metadata/methodid/origin/RayLocator/1.0,smi:us.anss.org/metadata/methodid/earthModel/ak135/1.0,1900.0,2500.0,3700.0,114.0,3700.0,1300.0,2500.0,21.0,114.0,279.0,30,15,,,,0.94,55.0,91.0,GT5,0.263,,,2.9,0.081,ML,1.0,50,reviewed
2000i7ac,earthquake,,us,manual,reviewed,2018-11-06 03:57:52.530000,-103.2905,0.0137,31.1658,0.0144,3250.0,4400.0,smi:us.anss.org/metadata/methodid/origin/RayLocator/1.0,smi:us.anss.org/metadata/methodid/earthModel/ak135/1.0,1300.0,1341.0,2265.0,149.0,6900.0,900.0,2300.0,74.0,181.0,126.0,22,16,,,,0.52,55.0,92.0,GT5,0.246,,,2.2,0.081,ML,1.0,20,reviewed
1000hwcb,earthquake,,us,manual,reviewed,2018-11-25 10:32:11.210000,-103.3251,0.061,31.2288,0.0495,3050.0,6100.0,smi:us.anss.org/metadata/methodid/origin/RayLocator/1.0,smi:us.anss.org/metadata/methodid/earthModel/ak135/1.0,5400.0,5671.0,8771.0,130.0,10400.0,6600.0,9000.0,21.0,312.0,186.0,30,29,,,,0.79,56.0,89.0,,0.307,,,2.5,0.142,mb_Lg,1.0,13,reviewed
2000isiz,earthquake,,us,manual,reviewed,2018-12-11 15:45:07.900000,-103.3199,0.0231,31.0848,0.0252,1280.0,2800.0,smi:us.anss.org/metadata/methodid/origin/RayLocator/1.0,smi:us.anss.org/metadata/methodid/earthModel/ak135/1.0,2400.0,2683.0,3757.0,154.0,4700.0,2800.0,4200.0,47.0,177.0,144.0,21,20,,,,0.54,67.0,110.0,GT5,0.164,,,2.5,0.132,mb_Lg,1.0,15,reviewed
2000iw9m,earthquake,,us,manual,reviewed,2018-12-22 10:58:03.550000,-103.259,0.0158,31.156,0.0189,5000.0,1900.0,smi:us.anss.org/metadata/methodid/origin/RayLocator/1.0,smi:us.anss.org/metadata/methodid/earthModel/ak135/1.0,1800.0,3000.0,3400.0,193.0,3400.0,1900.0,3000.0,33.0,193.0,141.0,69,26,,,,0.59,54.0,80.0,GT5,0.242,,,3.4,0.098,Mwr,1.0,10,reviewed
2000j0ym,earthquake,,us,manual,reviewed,2019-01-07 02:45:20.230000,-103.2513,0.0084,31.1653,0.0162,5000.0,1800.0,smi:us.anss.org/metadata/methodid/origin/RayLocator/1.0,smi:us.anss.org/metadata/methodid/earthModel/ak135/1.0,1100.0,2500.0,3000.0,191.0,3000.0,1000.0,2500.0,43.0,191.0,6.0,35,23,,,,0.74,53.0,94.0,GT5,0.252,,,2.5,0.124,mb_Lg,1.0,19,reviewed
2000jety,earthquake,,us,manual,reviewed,2019-02-07 17:05:03.090000,-103.2314,0.0526,31.2081,0.0324,5000.0,2000.0,smi:us.anss.org/metadata/methodid/origin/RayLocator/1.0,smi:us.anss.org/metadata/methodid/earthModel/ak135/1.0,4200.0,5500.0,7700.0,91.0,7700.0,3000.0,5500.0,0.0,91.0,268.0,43,37,,,,0.99,52.0,84.0,,0.298,,,2.8,0.091,ML,1.0,16,reviewed
1000jaam,earthquake,,us,manual,reviewed,2019-03-04 09:11:00.500000,-103.2555,0.0189,31.1132,0.0126,5000.0,1600.0,smi:us.anss.org/metadata/methodid/origin/RayLocator/1.0,smi:us.anss.org/metadata/methodid/earthModel/ak135/1.0,1600.0,2200.0,3400.0,97.0,3400.0,1500.0,2200.0,39.0,97.0,79.0,30,23,,,,0.37,54.0,92.0,GT5,0.201,,,2.5,0.142,mb_Lg,1.0,13,reviewed
1000jigx,earthquake,,us,manual,reviewed,2019-03-19 11:30:09.473000,-103.2515,0.0147,31.1016,0.0063,5000.0,1800.0,smi:us.anss.org/metadata/methodid/origin/RayLocator/1.0,smi:us.anss.org/metadata/methodid/earthModel/ak135/1.0,800.0,2100.0,2700.0,242.0,2700.0,700.0,2100.0,69.0,242.0,10.0,45,33,,,,0.31,54.0,84.0,GT5,0.191,,,2.8,0.091,ML,1.0,56,reviewed
1000jjh5,earthquake,,us,manual,reviewed,2019-03-20 20:22:46.031000,-103.2443,0.0074,31.0967,0.0216,5000.0,2000.0,smi:us.anss.org/metadata/methodid/origin/RayLocator/1.0,smi:us.anss.org/metadata/methodid/earthModel/ak135/1.0,1200.0,2900.0,3800.0,190.0,3800.0,800.0,2900.0,12.0,190.0,174.0,73,47,,,,0.62,53.0,66.0,GT5,0.029,,,3.1,0.07,mb_Lg,1.0,69,reviewed
1000jjpx,earthquake,,us,manual,reviewed,2019-03-21 10:53:16.022000,-103.2471,0.0126,31.1035,0.0108,5000.0,1700.0,smi:us.anss.org/metadata/methodid/origin/RayLocator/1.0,smi:us.anss.org/metadata/methodid/earthModel/ak135/1.0,1200.0,2200.0,2600.0,170.0,2600.0,1200.0,2200.0,71.0,170.0,56.0,68,42,,,,0.46,52.0,66.0,GT5,0.021,,,3.1,0.097,ML,1.0,62,reviewed
1000jk4z,earthquake,,us,manual,reviewed,2019-03-22 06:57:55.969000,-103.2599,0.0147,31.1078,0.0153,4230.0,4600.0,smi:us.anss.org/metadata/methodid/origin/RayLocator/1.0,smi:us.anss.org/metadata/methodid/earthModel/ak135/1.0,1500.0,1720.0,2239.0,167.0,7200.0,1900.0,2200.0,77.0,180.0,136.0,53,53,,,,0.84,52.0,66.0,GT5,0.018,,,2.2,0.085,ML,1.0,44,reviewed
2000kajq,earthquake,,us,manual,reviewed,2019-04-04 23:57:41.309000,-103.3443,0.0137,31.1998,0.0117,5910.0,1600.0,smi:us.anss.org/metadata/methodid/origin/RayLocator/1.0,smi:us.anss.org/metadata/methodid/earthModel/ak135/1.0,1300.0,1643.0,1795.0,115.0,2700.0,1500.0,2100.0,58.0,210.0,87.0,67,46,,,,0.65,37.0,49.0,GT5,0.065,,,2.6,0.12,mb_Lg,1.0,23,reviewed
2000kc70,earthquake,,us,manual,reviewed,2019-04-08 08:20:39.647000,-103.2911,0.0084,31.1849,0.0117,1850.0,4400.0,smi:us.anss.org/metadata/methodid/origin/RayLocator/1.0,smi:us.anss.org/metadata/methodid/earthModel/ak135/1.0,900.0,763.0,1742.0,157.0,6800.0,800.0,1800.0,81.0,176.0,155.0,47,33,,,,0.65,55.0,90.0,GT5,0.265,,,2.6,0.097,ML,1.0,62,reviewed
70003ght,earthquake,,us,manual,reviewed,2019-05-03 23:40:06.919000,-103.2475,0.0074,31.1092,0.0144,5290.0,3500.0,smi:us.anss.org/metadata/methodid/origin/RayLocator/1.0,smi:us.anss.org/metadata/methodid/earthModel/ak135/1.0,1100.0,981.0,2040.0,178.0,5500.0,1100.0,2000.0,75.0,168.0,17.0,69,32,,,,0.44,54.0,79.0,GT5,0.2,,,3.0,0.071,ML,1.0,86,reviewed
70003ivq,earthquake,,us,manual,reviewed,2019-05-09 16:19:27.312000,-103.2776,0.0158,31.1491,0.0126,4960.0,3500.0,smi:us.anss.org/metadata/methodid/origin/RayLocator/1.0,smi:us.anss.org/metadata/methodid/earthModel/ak135/1.0,1400.0,1798.0,1948.0,135.0,5500.0,1900.0,2200.0,78.0,172.0,107.0,64,34,,,,0.54,55.0,85.0,GT5,0.232,,,2.7,0.097,ML,1.0,80,reviewed
70003jxk,earthquake,,us,manual,reviewed,2019-05-12 02:48:07.213000,-103.2116,0.0158,31.1178,0.018,5000.0,2000.0,smi:us.anss.org/metadata/methodid/origin/RayLocator/1.0,smi:us.anss.org/metadata/methodid/earthModel/ak135/1.0,1700.0,2900.0,3100.0,167.0,3100.0,2300.0,2900.0,21.0,167.0,183.0,44,36,,,,0.35,52.0,81.0,GT5,0.22,,,2.9,0.097,ML,1.0,64,reviewed
600041nu,earthquake,,us,manual,reviewed,2019-06-17 09:28:38.003000,-103.3544,0.0126,31.183,0.009,5000.0,1700.0,smi:us.anss.org/metadata/methodid/origin/RayLocator/1.0,smi:us.anss.org/metadata/methodid/earthModel/ak135/1.0,1100.0,1700.0,2900.0,142.0,2900.0,900.0,1700.0,59.0,142.0,102.0,61,37,,,,0.43,37.0,50.0,GT5,0.073,,,2.7,0.072,mb_Lg,1.0,66,reviewed
70004pzs,earthquake,,us,manual,reviewed,2019-07-21 09:06:13.807000,-103.2628,0.0074,31.1722,0.0144,5000.0,1900.0,smi:us.anss.org/metadata/methodid/origin/RayLocator/1.0,smi:us.anss.org/metadata/methodid/earthModel/ak135/1.0,1100.0,2200.0,3100.0,184.0,3100.0,1000.0,2200.0,61.0,184.0,171.0,32,32,,,,0.52,54.0,84.0,GT5,0.257,,,2.6,0.053,ML,1.0,46,reviewed
6000501m,earthquake,,us,manual,reviewed,2019-08-03 03:05:08.932000,-103.243,0.0147,31.1531,0.0171,5000.0,2000.0,smi:us.anss.org/metadata/methodid/origin/RayLocator/1.0,smi:us.anss.org/metadata/methodid/earthModel/ak135/1.0,1600.0,2900.0,3300.0,206.0,3300.0,1800.0,2900.0,28.0,206.0,1.0,108,55,,,,0.49,51.0,60.0,GT5,0.029,,,3.1,0.077,ML,1.0,84,reviewed
700057yu,earthquake,,us,manual,reviewed,2019-08-25 09:32:06.426000,-103.2717,0.0158,31.0993,0.0108,5000.0,2000.0,smi:us.anss.org/metadata/methodid/origin/RayLocator/1.0,smi:us.anss.org/metadata/methodid/earthModel/ak135/1.0,1200.0,2700.0,3000.0,118.0,3000.0,1300.0,2700.0,85.0,118.0,7.0,42,13,,,,0.41,133.0,143.0,,0.184,,,2.9,0.085,ML,1.0,64,reviewed
700063my,earthquake,,us,manual,reviewed,2019-11-05 21:14:10.954000,-103.2653,0.0105,31.0739,0.0108,2590.0,2700.0,smi:us.anss.org/metadata/methodid/origin/RayLocator/1.0,smi:us.anss.org/metadata/methodid/earthModel/ak135/1.0,900.0,760.0,1972.0,140.0,4100.0,800.0,2300.0,84.0,75.0,65.0,64,59,,,,0.78,53.0,66.0,GT5,0.052,,,2.5,0.12,mb_Lg,1.0,24,reviewed
600069ze,earthquake,,us,manual,reviewed,2019-11-10 14:24:05.309000,-103.2751,0.0074,31.1053,0.009,5000.0,1400.0,smi:us.anss.org/metadata/methodid/origin/RayLocator/1.0,smi:us.anss.org/metadata/methodid/earthModel/ak135/1.0,700.0,1800.0,2200.0,41.0,2200.0,600.0,1800.0,84.0,41.0,104.0,83,38,,,,0.49,54.0,68.0,GT5,0.027,,,2.5,0.136,mb_Lg,1.0,20,reviewed
70006nzz,earthquake,,us,manual,reviewed,2019-12-20 09:29:09.346000,-103.2357,0.0105,31.1513,0.0108,5000.0,1100.0,smi:us.anss.org/metadata/methodid/origin/RayLocator/1.0,smi:us.anss.org/metadata/methodid/earthModel/ak135/1.0,1100.0,1800.0,2000.0,326.0,2000.0,1200.0,1800.0,39.0,326.0,307.0,74,60,,,,0.54,51.0,59.0,GT5,0.029,,,2.5,0.128,mb_Lg,1.0,18,reviewed
70006p74,earthquake,,us,manual,reviewed,2019-12-20 19:00:25.476000,-103.217,0.0074,31.1426,0.0117,5000.0,1600.0,smi:us.anss.org/metadata/methodid/origin/RayLocator/1.0,smi:us.anss.org/metadata/methodid/earthModel/ak135/1.0,800.0,2100.0,2500.0,194.0,2500.0,800.0,2100.0,70.0,194.0,5.0,106,74,,,,0.78,51.0,59.0,GT5,0.034,,,2.8,0.085,ML,1.0,92,reviewed
70006rvb,earthquake,,us,manual,reviewed,2019-12-28 10:54:42.576000,-103.2453,0.0168,31.1461,0.0144,5000.0,1500.0,smi:us.anss.org/metadata/methodid/origin/RayLocator/1.0,smi:us.anss.org/metadata/methodid/earthModel/ak135/1.0,1500.0,2200.0,3100.0,313.0,3100.0,1700.0,2200.0,25.0,313.0,336.0,50,40,,,,0.55,51.0,65.0,GT5,0.021,,,3.0,0.079,mb_Lg,1.0,61,reviewed
70006uqn,earthquake,,us,manual,reviewed,2020-01-04 18:23:33.716000,-103.2357,0.0126,31.1327,0.0126,5000.0,1500.0,smi:us.anss.org/metadata/methodid/origin/RayLocator/1.0,smi:us.anss.org/metadata/methodid/earthModel/ak135/1.0,1300.0,1900.0,2600.0,153.0,2600.0,1700.0,1900.0,46.0,153.0,12.0,117,78,,,,0.57,51.0,62.0,GT5,0.015,,,2.9,0.071,ML,1.0,110,reviewed
60007ei9,earthquake,,us,manual,reviewed,2020-01-24 07:20:24.850000,-103.1669,0.0116,31.1677,0.0117,5000.0,1800.0,smi:us.anss.org/metadata/methodid/origin/RayLocator/1.0,smi:us.anss.org/metadata/methodid/earthModel/ak135/1.0,1200.0,1900.0,2900.0,183.0,2900.0,1600.0,1900.0,67.0,183.0,38.0,54,33,,,,0.72,50.0,96.0,,0.281,,,2.6,0.097,ML,1.0,14,reviewed
60007jn0,earthquake,,us,manual,reviewed,2020-01-30 00:04:15.123000,-103.2393,0.021,31.1188,0.0252,2570.0,6700.0,smi:us.anss.org/metadata/methodid/origin/RayLocator/1.0,smi:us.anss.org/metadata/methodid/earthModel/ak135/1.0,2300.0,2566.0,3612.0,176.0,10400.0,3000.0,3600.0,77.0,178.0,176.0,72,49,,,,0.38,52.0,63.0,GT5,0.012,,,2.8,0.076,mb_Lg,1.0,56,reviewed
60007k4d,earthquake,,us,manual,reviewed,2020-01-30 15:58:50.050000,-103.2815,0.0116,31.1216,0.009,5000.0,1900.0,smi:us.anss.org/metadata/methodid/origin/RayLocator/1.0,smi:us.anss.org/metadata/methodid/earthModel/ak135/1.0,900.0,2000.0,2900.0,239.0,2900.0,1000.0,2000.0,87.0,239.0,172.0,110,61,,,,0.86,51.0,62.0,GT5,0.204,,,3.4,0.039,ML,1.0,87,reviewed
60007m3h,earthquake,,us,manual,reviewed,2020-02-01 11:52:33.699000,-103.2715,0.0105,31.1798,0.0063,5000.0,1300.0,smi:us.anss.org/metadata/methodid/origin/RayLocator/1.0,smi:us.anss.org/metadata/methodid/earthModel/ak135/1.0,800.0,1500.0,2200.0,124.0,2200.0,900.0,1500.0,64.0,124.0,150.0,91,56,,,,0.67,40.0,51.0,GT5,0.007,,,2.8,0.066,ML,1.0,82,reviewed
70007nw9,earthquake,,us,manual,reviewed,2020-02-12 17:18:53.317000,-103.2841,0.0137,31.1997,0.0135,7690.0,6400.0,smi:us.anss.org/metadata/methodid/origin/RayLocator/1.0,smi:us.anss.org/metadata/methodid/earthModel/ak135/1.0,1400.0,1616.0,1951.0,159.0,9800.0,1800.0,2200.0,85.0,196.0,130.0,81,50,,,,1.11,39.0,49.0,GT5,0.017,,,2.7,0.049,ML,1.0,54,reviewed
70007tcp,earthquake,,us,manual,reviewed,2020-02-20 02:37:57.394000,-103.3129,0.0105,31.1667,0.0081,5000.0,1700.0,smi:us.anss.org/metadata/methodid/origin/RayLocator/1.0,smi:us.anss.org/metadata/methodid/earthModel/ak135/1.0,1000.0,1600.0,2600.0,105.0,2600.0,1200.0,1600.0,75.0,105.0,22.0,69,53,,,,0.64,43.0,54.0,GT5,0.042,,,2.6,0.091,ML,1.0,60,reviewed
70007thh,earthquake,,us,manual,reviewed,2020-02-20 10:30:13.471000,-103.3549,0.0179,31.1926,0.0117,4990.0,4200.0,smi:us.anss.org/metadata/methodid/origin/RayLocator/1.0,smi:us.anss.org/metadata/methodid/earthModel/ak135/1.0,1500.0,1738.0,2314.0,75.0,6600.0,1100.0,2500.0,72.0,118.0,111.0,53,46,,,,0.45,36.0,49.0,GT5,0.073,,,2.6,0.052,ML,1.0,48,reviewed
60008a2f,earthquake,,us,manual,reviewed,2020-03-05 09:26:05.322000,-103.2618,0.0158,31.076,0.0144,5000.0,1900.0,smi:us.anss.org/metadata/methodid/origin/RayLocator/1.0,smi:us.anss.org/metadata/methodid/earthModel/ak135/1.0,1400.0,2800.0,3000.0,322.0,3000.0,1500.0,2800.0,27.0,322.0,184.0,61,45,,,,0.74,53.0,71.0,GT5,0.049,,,2.5,0.055,ML,1.0,44,reviewed
60008a79,earthquake,,us,manual,reviewed,2020-03-05 13:10:53.535000,-103.2315,0.0116,31.093,0.0081,5000.0,1300.0,smi:us.anss.org/metadata/methodid/origin/RayLocator/1.0,smi:us.anss.org/metadata/methodid/earthModel/ak135/1.0,1000.0,1800.0,2000.0,2.0,2000.0,1200.0,1800.0,81.0,2.0,53.0,49,41,,,,0.68,53.0,67.0,GT5,0.036,,,2.7,0.052,ML,1.0,48,reviewed
70008efl,earthquake,,us,manual,reviewed,2020-03-23 09:04:05.139000,-103.3515,0.0095,31.0893,0.0072,5000.0,1700.0,smi:us.anss.org/metadata/methodid/origin/RayLocator/1.0,smi:us.anss.org/metadata/methodid/earthModel/ak135/1.0,800.0,1600.0,2600.0,58.0,2600.0,800.0,1600.0,75.0,58.0,171.0,60,39,,,,0.45,52.0,95.0,GT5,0.092,,,2.9,0.048,ML,1.0,56,reviewed
70008ev2,earthquake,,us,manual,reviewed,2020-03-23 23:10:05.034000,-103.3611,0.0116,31.0975,0.009,5000.0,1500.0,smi:us.anss.org/metadata/methodid/origin/RayLocator/1.0,smi:us.anss.org/metadata/methodid/earthModel/ak135/1.0,1000.0,1700.0,2500.0,144.0,2500.0,1100.0,1700.0,60.0,144.0,140.0,88,50,,,,0.58,49.0,75.0,GT5,0.097,,,3.0,0.043,ML,1.0,70,reviewed
70008xb9,earthquake,,us,manual,reviewed,2020-04-16 03:58:40.533000,-103.3289,0.0126,31.0834,0.0099,5000.0,1600.0,smi:us.anss.org/metadata/methodid/origin/RayLocator/1.0,smi:us.anss.org/metadata/methodid/earthModel/ak135/1.0,1200.0,1800.0,2600.0,162.0,2600.0,1600.0,1800.0,74.0,162.0,132.0,103,60,,,,0.47,50.0,61.0,GT5,0.077,,,3.0,0.039,ML,1.0,86,reviewed
70009meb,earthquake,,us,manual,reviewed,2020-05-21 11:50:18.213000,-103.2207,0.0158,31.0854,0.0153,5000.0,2000.0,smi:us.anss.org/metadata/methodid/origin/RayLocator/1.0,smi:us.anss.org/metadata/methodid/earthModel/ak135/1.0,1300.0,2900.0,3300.0,142.0,3300.0,1000.0,2900.0,23.0,142.0,190.0,78,52,,,,0.6,46.0,53.0,GT5,0.047,,,3.0,0.048,ML,1.0,57,reviewed
7000acqy,earthquake,,us,manual,reviewed,2020-06-26 22:51:33.570000,-103.1524,0.0126,31.1246,0.0099,5000.0,1400.0,smi:us.anss.org/metadata/methodid/origin/RayLocator/1.0,smi:us.anss.org/metadata/methodid/earthModel/ak135/1.0,1100.0,1700.0,2200.0,288.0,2200.0,1600.0,1700.0,72.0,288.0,136.0,105,53,,,,0.82,42.0,52.0,GT5,0.004,,,2.8,0.091,ML,1.0,20,reviewed
7000aqw9,earthquake,,us,manual,reviewed,2020-07-18 15:29:55.564000,-103.1508,0.0105,31.1139,0.009,5000.0,1300.0,smi:us.anss.org/metadata/methodid/origin/RayLocator/1.0,smi:us.anss.org/metadata/methodid/earthModel/ak135/1.0,1000.0,1400.0,2300.0,326.0,2300.0,900.0,1400.0,53.0,326.0,110.0,82,43,,,,0.47,41.0,52.0,GT5,0.015,,,2.7,0.081,ML,1.0,20,reviewed
6000b219,earthquake,,us,manual,reviewed,2020-07-22 17:01:32.948000,-103.2655,0.0095,31.1632,0.0108,5000.0,1600.0,smi:us.anss.org/metadata/methodid/origin/RayLocator/1.0,smi:us.anss.org/metadata/methodid/earthModel/ak135/1.0,1000.0,1500.0,2600.0,3.0,2600.0,1300.0,1500.0,59.0,3.0,156.0,184,50,,,,0.43,35.0,45.0,GT5,0.023,,,3.1,,Mwr,,12,reviewed
6000b8qv,earthquake,,us,manual,reviewed,2020-08-03 14:52:48.340000,-103.2315,0.0126,31.1121,0.0144,5000.0,1400.0,smi:us.anss.org/metadata/methodid/origin/RayLocator/1.0,smi:us.anss.org/metadata/methodid/earthModel/ak135/1.0,1300.0,2200.0,2800.0,326.0,2800.0,1300.0,2200.0,11.0,326.0,348.0,80,44,,,,0.8,45.0,53.0,GT5,0.021,,,2.4,0.052,ML,1.0,48,reviewed
6000b9sl,earthquake,,us,manual,reviewed,2020-08-05 17:14:47.715000,-103.2384,0.0095,31.1373,0.009,4990.0,1400.0,smi:us.anss.org/metadata/methodid/origin/RayLocator/1.0,smi:us.anss.org/metadata/methodid/earthModel/ak135/1.0,1000.0,1114.0,1330.0,191.0,2200.0,1300.0,1500.0,76.0,17.0,170.0,103,70,,,,0.56,51.0,61.0,GT5,0.016,,,3.0,0.059,ML,1.0,80,reviewed
6000ba3f,earthquake,,us,manual,reviewed,2020-08-06 14:02:38.144000,-103.2775,0.0095,31.1104,0.0126,5000.0,1100.0,smi:us.anss.org/metadata/methodid/origin/RayLocator/1.0,smi:us.anss.org/metadata/methodid/earthModel/ak135/1.0,1100.0,1700.0,2300.0,347.0,2300.0,1200.0,1700.0,16.0,347.0,211.0,67,41,,,,0.65,55.0,66.0,GT5,0.026,,,2.8,0.053,ML,1.0,46,reviewed
7000cbi3,earthquake,,us,manual,reviewed,2020-11-06 19:37:20.394000,-103.2514,0.0116,31.1021,0.0117,2640.0,2800.0,smi:us.anss.org/metadata/methodid/origin/RayLocator/1.0,smi:us.anss.org/metadata/methodid/earthModel/ak135/1.0,1200.0,1403.0,1630.0,171.0,4200.0,1600.0,1900.0,85.0,73.0,97.0,160,107,,,,0.63,51.0,54.0,GT5,0.022,,,3.2,,Mwr,,8,reviewed
7000cbkb,earthquake,,us,manual,reviewed,2020-11-06 21:06:37.714000,-103.2808,0.0305,31.0982,0.0207,1870.0,1700.0,smi:us.anss.org/metadata/methodid/origin/RayLocator/1.0,smi:us.anss.org/metadata/methodid/earthModel/ak135/1.0,2600.0,2997.0,3719.0,91.0,4600.0,2100.0,3500.0,22.0,91.0,90.0,127,77,,,,0.98,52.0,58.0,GT5,0.036,,,3.1,0.041,ML,1.0,80,reviewed
6000cshd,earthquake,,us,manual,reviewed,2020-11-25 14:30:29.253000,-103.2735,0.0105,31.1466,0.0072,3050.0,2200.0,smi:us.anss.org/metadata/methodid/origin/RayLocator/1.0,smi:us.anss.org/metadata/methodid/earthModel/ak135/1.0,900.0,997.0,1334.0,116.0,3500.0,400.0,1400.0,68.0,78.0,70.0,66,50,,,,0.46,46.0,52.0,GT5,0.028,,,2.9,0.161,mb_Lg,1.0,11,reviewed
7000cktv,earthquake,,us,manual,reviewed,2020-11-29 09:20:38.678000,-103.257,0.0074,31.1553,0.0234,5000.0,2000.0,smi:us.anss.org/metadata/methodid/origin/RayLocator/1.0,smi:us.anss.org/metadata/methodid/earthModel/ak135/1.0,1400.0,2800.0,4100.0,179.0,4100.0,1100.0,2800.0,20.0,179.0,178.0,87,87,,,,0.55,35.0,41.0,GT5,0.03,,,3.6,0.04,ML,1.0,86,reviewed
7000claj,earthquake,,us,manual,reviewed,2020-11-29 09:26:01.579000,-103.2621,0.0105,31.1755,0.0117,5000.0,1600.0,smi:us.anss.org/metadata/methodid/origin/RayLocator/1.0,smi:us.anss.org/metadata/methodid/earthModel/ak135/1.0,1100.0,2000.0,2500.0,211.0,2500.0,1300.0,2000.0,63.0,211.0,2.0,54,54,,,,0.62,31.0,41.0,GT5,0.013,,,2.5,0.057,ML,1.0,40,reviewed
7000ckv2,earthquake,,us,manual,reviewed,2020-11-29 10:44:09.762000,-103.2435,0.0116,31.1577,0.0108,5000.0,1600.0,smi:us.anss.org/metadata/methodid/origin/RayLocator/1.0,smi:us.anss.org/metadata/methodid/earthModel/ak135/1.0,1100.0,1900.0,2800.0,140.0,2800.0,900.0,1900.0,60.0,140.0,77.0,53,51,,,,0.46,44.0,82.0,GT5,0.033,,,2.5,0.12,mb_Lg,1.0,20,reviewed
7000crs3,earthquake,,us,manual,reviewed,2020-12-17 10:23:54.286000,-103.2644,0.0147,31.1408,0.0072,5000.0,1600.0,smi:us.anss.org/metadata/methodid/origin/RayLocator/1.0,smi:us.anss.org/metadata/methodid/earthModel/ak135/1.0,1000.0,1700.0,2700.0,98.0,2700.0,1100.0,1700.0,50.0,98.0,16.0,85,46,,,,0.58,45.0,53.0,GT5,0.019,,,3.3,0.046,ML,1.0,62,reviewed
6000dcu8,earthquake,,us,manual,reviewed,2021-01-29 07:15:25.146000,-103.256,0.0116,31.0836,0.0108,2650.0,2400.0,smi:us.anss.org/metadata/methodid/origin/RayLocator/1.0,smi:us.anss.org/metadata/methodid/earthModel/ak135/1.0,1100.0,1237.0,1636.0,142.0,3700.0,1300.0,1900.0,79.0,211.0,108.0,72,72,,,,0.75,53.0,58.0,GT5,0.041,,,2.5,0.046,ML,1.0,62,reviewed
texnet2021dqpo,earthquake,known,TX,manual,final,2021-02-21 18:39:02.169716,-103.3339637,0.5532766257,31.08026688,0.7961195124,3869.2626950000003,1060.0722119999998,smi:org.gfz-potsdam.de/geofon/NonLinLoc,smi:org.gfz-potsdam.de/geofon/PB1D-20170918-topoLV,1210.078118,835.1825819000001,1210.078118,5.296900966,2068938.659,1032398.6030000001,1392270.294,21.4040777,89.51706778,92.55286188,44,26,,20,,0.3,58.0,74.70324107,-,0.04039449111,0.412165851,0.412165851,1.7,0.2,ML,trimmed_mean,7,confirmed
texnet2021dqss,earthquake,known,TX,manual,final,2021-02-21 20:13:49.712320,-103.3259535,0.5153745934,31.07473749,0.5468693781,4229.174805000001,909.0564369,smi:org.gfz-potsdam.de/geofon/NonLinLoc,smi:org.gfz-potsdam.de/geofon/PB1D-20170918-topoLV,829.4548169,781.512642,829.4548169,2.468107143,1731344.515,926285.8596,1027075.9109999998,11.18338924,-11.16103381,101.135265,62,34,,26,,0.3,50.0,85.53619584,-,0.04919961615,0.4163887962,8.998234239e+27,2.3,0.2,ML,trimmed_mean,10,confirmed
texnet2021dxtx,earthquake,known,TX,manual,final,2021-02-25 16:47:15.081837,-103.1554084,0.7452613829,31.11728731,1.297983516,1427.001953,1006.351475,smi:org.gfz-potsdam.de/geofon/NonLinLoc,smi:org.gfz-potsdam.de/geofon/PB1D-20170918-topoLV,1982.5464370000002,1105.402107,1982.5464370000002,8.232826028,2692931.23,1356301.108,1546406.4330000002,60.05129376,80.81782986,102.9585628,55,15,,12,,0.2,71.0,98.18981695,-,0.01258734229,0.1201036068,8.998234239e+27,1.8,0.1,ML,trimmed_mean,7,
texnet2021eoja,earthquake,known,TX,manual,final,2021-03-06 18:37:41.340812,-103.2784773,0.7060203826,31.12129127,1.120444409,3175.146484,1381.442159,smi:org.gfz-potsdam.de/geofon/NonLinLoc,smi:org.gfz-potsdam.de/geofon/PB1D-20170918-topoLV,1790.801237,909.3459047,1790.801237,158.504872,2767836.4620000003,1041099.7769999999,2045216.368,28.97586717,-52.56878867,79.23590879,37,22,,16,,0.3,53.0,73.96039252,-,0.02300616449,0.2021337625,0.1838116778,1.7,0.1,ML,trimmed_mean,10,confirmed
texnet2021flvk,earthquake,known,TX,manual,final,2021-03-19 14:59:34.794043,-103.320328,0.506545249,31.18411018,0.4913744944,5823.0712889999995,2274.316121,smi:org.gfz-potsdam.de/geofon/NonLinLoc,smi:org.gfz-potsdam.de/geofon/PB1D-20170918-topoLV,799.5053903,711.530879,799.5053903,127.4074496,4289557.937,811043.4025,979257.6953,174.8752731,-157.4033677,85.12792281,44,22,,13,,0.2,58.0,94.15775031,-,0.04373770587,0.1488842144,0.1170589851,1.7,0.2,ML,trimmed_mean,9,confirmed
texnet2021gffa,earthquake,known,TX,manual,final,2021-03-30 05:26:11.441717,-103.3556636,0.3431029729,31.18784772,0.4249297421,5463.15918,831.3738679,smi:org.gfz-potsdam.de/geofon/NonLinLoc,smi:org.gfz-potsdam.de/geofon/PB1D-20170918-topoLV,671.6403136,484.72119949999995,671.6403136,155.984846,1608550.99,494528.7794,812911.4800999999,14.7799107,-10.58724404,103.3457955,69,33,,24,,0.2,49.0,63.06750062,-,0.07392541343,0.1711142873,8.998234239e+27,2.2,0.2,ML,trimmed_mean,15,
texnet2021gslw,earthquake,known,TX,manual,final,2021-04-06 11:39:14.324382,-103.1529382,0.3530119382,31.13175671,0.5697111402,2686.694336,851.0018345,smi:org.gfz-potsdam.de/geofon/NonLinLoc,smi:org.gfz-potsdam.de/geofon/PB1D-20170918-topoLV,885.5919598999999,498.85846449999997,885.5919598999999,164.5993854,1609478.03,609136.1576,1086558.122,8.37244729,-46.52836825,85.92463069,54,25,,17,,0.2,57.0,88.29262716,-,0.002922286944,0.114138415,8.998234239e+27,1.5,0.2,ML,trimmed_mean,11,confirmed
texnet2021icay,earthquake,known,TX,manual,final,2021-04-25 23:02:18.185008,-103.2058707,0.531288571,31.14616022,0.7411063332,2481.030273,1258.910179,smi:org.gfz-potsdam.de/geofon/NonLinLoc,smi:org.gfz-potsdam.de/geofon/PB1D-20170918-topoLV,1212.8234630000002,664.4722535000001,1212.8234630000002,26.69066819,2531173.878,754852.4508,1246238.6770000001,23.65094263,-103.2053524,79.7422739,41,17,,11,,0.2,53.0,78.86937028,-,0.03329290026,0.09157119249,0.09157119249,1.9,0.1,ML,trimmed_mean,7,confirmed
texnet2021ifxn,earthquake,known,TX,manual,final,2021-04-28 01:50:41.154922,-103.1930379,0.3593853195,31.14244762,0.548864313,3972.094727,594.9499882,smi:org.gfz-potsdam.de/geofon/NonLinLoc,smi:org.gfz-potsdam.de/geofon/PB1D-20170918-topoLV,835.1655584,540.7782599999999,835.1655584,173.8680418,1218977.716,651160.1756,926784.0476,36.44852585,-74.07228972,79.25648699,82,40,,30,,0.2,43.0,66.80072259,-,0.03329432051,0.3524390422,8.998234239e+27,2.9,0.2,ML,trimmed_mean,19,confirmed
texnet2021ifxx,earthquake,known,TX,manual,final,2021-04-28 02:02:30.381635,-103.1978624,0.3958673209,31.14062288,0.4541385268,2172.53418,975.2914877,smi:org.gfz-potsdam.de/geofon/NonLinLoc,smi:org.gfz-potsdam.de/geofon/PB1D-20170918-topoLV,689.3297522,599.6797382999999,689.3297522,175.16972,1891393.681,686351.4565000001,768432.0342,164.5140174,110.79854,103.7240381,53,24,,18,,0.2,42.0,61.68096001,-,0.02983022971,0.1494794276,8.998234239e+27,1.8,0.1,ML,trimmed_mean,12,confirmed
texnet2021ifyk,earthquake,known,TX,manual,final,2021-04-28 02:17:57.710563,-103.1994647,0.5477881624,31.14154655,0.5584369961,3869.2626950000003,907.065686,smi:org.gfz-potsdam.de/geofon/NonLinLoc,smi:org.gfz-potsdam.de/geofon/PB1D-20170918-topoLV,879.2874288,796.4158721,879.2874288,39.37453987,1719759.154,986609.143,1064656.418,9.832282521,48.78796862,89.57593346,77,51,,37,,0.3,42.0,51.00023729,-,0.03017658935,0.5370903891,0.3797082372,2.3,0.1,ML,trimmed_mean,19,confirmed
texnet2021ittk,earthquake,known,TX,manual,final,2021-05-05 15:40:39.141001,-103.1395865,0.4635279327,31.12527959,0.5374233592,2429.614258,736.2444055000001,smi:org.gfz-potsdam.de/geofon/NonLinLoc,smi:org.gfz-potsdam.de/geofon/PB1D-20170918-topoLV,837.8380645999999,675.6448800000001,837.8380645999999,156.9349778,1387047.012,836965.1802,1032978.4299999999,173.6724382,-62.06605879,90.55443981,55,46,,27,,0.3,49.0,63.96603918,-,0.01066214891,1.464076862,0.226893471,2.4,0.1,ML,trimmed_mean,12,confirmed
texnet2021kdyd,earthquake,known,TX,manual,final,2021-05-25 10:57:41.707290,-103.3275278,0.4588846125,31.08714933,0.6389976226,5565.9912110000005,1568.245321,smi:org.gfz-potsdam.de/geofon/NonLinLoc,smi:org.gfz-potsdam.de/geofon/PB1D-20170918-topoLV,983.9034723,674.8243999,983.9034723,166.2569729,2981914.3060000003,711118.3276000001,1211960.774,9.146678164,33.09279236,98.80796793,43,32,,20,,0.3,51.0,76.69185107,-,0.04197484961,0.554797484,0.1926583728,1.6,0.1,ML,trimmed_mean,8,confirmed
texnet2021kfzx,earthquake,known,TX,manual,final,2021-05-26 14:07:03.811670,-103.350527,0.3118020587,31.08902709,0.6342119564,4743.3349610000005,1307.2217269999999,smi:org.gfz-potsdam.de/geofon/NonLinLoc,smi:org.gfz-potsdam.de/geofon/PB1D-20170918-topoLV,962.0563471,472.4106715,962.0563471,1.426614403,2560739.727,475500.2435,1005842.2799999999,162.4676334,-111.385196,80.37484757,73,45,,30,,0.3,49.0,52.58930038,-,0.02372839937,0.3972785742,0.3972785742,2.5,0.1,ML,trimmed_mean,17,confirmed
texnet2021kngm,earthquake,known,TX,manual,final,2021-05-30 13:24:24.192571,-103.2379589,0.5668541567,31.07615643,0.5806292242,5848.779297,1606.343507,smi:org.gfz-potsdam.de/geofon/NonLinLoc,smi:org.gfz-potsdam.de/geofon/PB1D-20170918-topoLV,938.6674158000001,795.8313412,938.6674158000001,139.2190999,3054411.631,876601.5736,1155456.598,170.7412907,-159.8953614,80.9934461,40,23,,16,,0.2,61.0,97.27359935,-,0.0434927326,0.1734267434,0.1734267434,1.7,0.2,ML,trimmed_mean,12,confirmed
texnet2021kqap,earthquake,known,TX,manual,final,2021-06-01 01:50:04.516405,-103.3590992,0.5342407554,31.08306602,0.945222925,1606.958008,1143.034839,smi:org.gfz-potsdam.de/geofon/NonLinLoc,smi:org.gfz-potsdam.de/geofon/PB1D-20170918-topoLV,1489.4477319999999,702.0843592,1489.4477319999999,162.0704948,2410886.736,863301.4372,1488541.615,144.8107243,-69.22553489,93.63147791,50,23,,17,,0.2,94.0,112.2627914,-,0.02324689108,0.2182965758,0.2001117734,1.7,0.2,ML,trimmed_mean,10,confirmed
texnet2021kugg,earthquake,known,TX,manual,final,2021-06-03 09:14:36.535941,-103.2600662,0.3738792024,31.10493425,0.5652749174,4537.670898,685.0525977000001,smi:org.gfz-potsdam.de/geofon/NonLinLoc,smi:org.gfz-potsdam.de/geofon/PB1D-20170918-topoLV,859.824798,563.1523012,859.824798,174.1628178,1297727.779,677798.5662,1065136.071,8.6423166,12.16426512,81.40762194,103,53,,41,,0.2,52.0,64.72104156,-,0.04231807283,0.2916860198,8.998234239e+27,3.0,0.2,ML,trimmed_mean,24,confirmed
texnet2021kuml,earthquake,known,TX,manual,final,2021-06-03 12:22:32.070365,-103.2646236,0.535255139,31.10195741,0.8716251472,2866.6503909999997,1394.003428,smi:org.gfz-potsdam.de/geofon/NonLinLoc,smi:org.gfz-potsdam.de/geofon/PB1D-20170918-topoLV,1325.1055979999999,806.4865875,1325.1055979999999,174.9620766,2664782.153,869979.9572,1641619.394,11.24887531,4.415869579,101.2483402,53,25,,18,,0.3,63.0,67.12808216,-,0.04678968496,0.2146369958,8.998234239e+27,1.8,0.2,ML,trimmed_mean,13,confirmed
texnet2021kzbe,earthquake,known,TX,manual,final,2021-06-06 00:20:10.410789,-103.262244,0.4522883879,31.09298989,0.7721634916,1247.045898,1130.5742830000002,smi:org.gfz-potsdam.de/geofon/NonLinLoc,smi:org.gfz-potsdam.de/geofon/PB1D-20170918-topoLV,1172.228077,683.9036447999999,1172.228077,176.828223,2259080.9159999997,763455.9708,1285517.976,23.43502929,73.79552628,78.08833118,60,23,,18,,0.2,55.0,69.86637028,-,0.03324584336,0.120608044,8.998234239e+27,1.9,0.2,ML,trimmed_mean,11,confirmed
texnet2021lfey,earthquake,known,TX,manual,final,2021-06-09 09:04:51.976410,-103.3502651,0.6753608964,31.08649891,0.6891420203,3380.810547,1153.587347,smi:org.gfz-potsdam.de/geofon/NonLinLoc,smi:org.gfz-potsdam.de/geofon/PB1D-20170918-topoLV,1099.639676,965.4840395,1099.639676,139.4906018,2177365.33,1189738.202,1351936.362,6.839305577,97.43710807,94.00495719,44,36,,30,,0.3,50.0,59.98640266,-,0.02548495215,1.551160568,0.2927049479,2.5,0.1,ML,trimmed_mean,14,confirmed
texnet2021loxf,earthquake,known,TX,manual,final,2021-06-14 16:31:04.823513,-103.2600939,0.4900460901,31.09620206,0.7347165591,1298.461914,1054.035188,smi:org.gfz-potsdam.de/geofon/NonLinLoc,smi:org.gfz-potsdam.de/geofon/PB1D-20170918-topoLV,1118.6690079999998,736.5276053,1118.6690079999998,6.773101579,2145434.103,768268.8834,1217336.001,26.02296088,59.57700194,72.53123341,51,21,,17,,0.2,57.0,69.75852195,-,0.02966983794,0.1852002278,0.1852002278,2.1,0.1,ML,trimmed_mean,9,confirmed
texnet2021lstn,earthquake,known,TX,manual,final,2021-06-16 19:12:32.710368,-103.1456047,0.2894651024,31.12587355,0.3822970736,1954.016113,575.5249941000001,smi:org.gfz-potsdam.de/geofon/NonLinLoc,smi:org.gfz-potsdam.de/geofon/PB1D-20170918-topoLV,605.7891934,402.3480813,605.7891934,22.81333677,1085096.07,498295.25539999997,745116.6825,173.4318346,60.75572174,89.24177767,47,24,,17,,0.1,63.0,107.5639523,-,0.005829493484,0.1225142747,8.998234239e+27,1.5,0.2,ML,trimmed_mean,10,confirmed
texnet2021mgsa,earthquake,known,TX,manual,final,2021-06-24 10:20:24.078194,-103.3328135,0.4683770589,31.11381511,0.5948788842,2789.526367,1031.13124,smi:org.gfz-potsdam.de/geofon/NonLinLoc,smi:org.gfz-potsdam.de/geofon/PB1D-20170918-topoLV,911.4914725,698.3384527999999,911.4914725,167.181438,1966421.894,797353.1523000001,1128814.042,10.81649561,6.642773893,100.7718873,41,35,,20,,0.3,57.0,63.49345136,-,0.0359176617,1.456784988,0.2305752541,1.8,0.1,ML,trimmed_mean,11,confirmed
texnet2021njus,earthquake,known,TX,manual,final,2021-07-10 08:39:57.764376,-103.1545398,0.3442480532,31.13268093,0.5042550422,4383.422852,894.6882018,smi:org.gfz-potsdam.de/geofon/NonLinLoc,smi:org.gfz-potsdam.de/geofon/PB1D-20170918-topoLV,765.5301856,520.9196054,765.5301856,3.552556029,1689418.9530000002,644685.0519,933705.6065,6.864470561,-84.86170665,91.10529782,46,30,,20,,0.2,46.0,59.03357848,-,0.004490899168,0.6549350126,0.2863402637,1.8,0.2,ML,trimmed_mean,13,confirmed
texnet2021oeyf,earthquake,known,TX,manual,final,2021-07-21 22:16:48.985097,-103.3216259,0.430924556,31.09403245,0.7628849963,3457.93457,1002.2916529999999,smi:org.gfz-potsdam.de/geofon/NonLinLoc,smi:org.gfz-potsdam.de/geofon/PB1D-20170918-topoLV,1157.310187,652.9310533,1157.310187,178.3232071,1916420.6739999999,791860.649,1398724.429,14.91404723,71.55776635,84.37135579,58,24,,18,,0.2,59.0,102.4652093,-,0.04480609391,0.1866830867,0.1866830867,2.1,0.2,ML,trimmed_mean,10,confirmed
texnet2021oxgn,earthquake,known,TX,manual,final,2021-07-31 22:55:21.856161,-103.2524337,0.4360548889,31.14857758,0.486250384,3817.84668,803.9318166,smi:org.gfz-potsdam.de/geofon/NonLinLoc,smi:org.gfz-potsdam.de/geofon/PB1D-20170918-topoLV,767.6092007999999,626.0333135000001,767.6092007999999,151.3305173,1589078.4710000001,775409.9311,812938.8536,21.19411529,-62.07324162,88.5332636,91,38,,30,,0.2,42.0,66.70101609,-,0.02362016637,0.2530848012,8.998234239e+27,3.1,0.1,ML,trimmed_mean,22,confirmed
texnet2021ozqg,earthquake,known,TX,manual,final,2021-08-02 06:07:13.791482,-103.259397,0.6544332973,31.14721521,0.5311933336,3046.606445,974.3811032000001,smi:org.gfz-potsdam.de/geofon/NonLinLoc,smi:org.gfz-potsdam.de/geofon/PB1D-20170918-topoLV,1025.7801,762.7637727,1025.7801,67.79726613,1854130.8509999998,904428.5813,1266310.0629999998,169.2725855,86.196182,99.80956187,60,31,,27,,0.2,43.0,54.46790674,-,0.02313866005,0.2075725219,8.998234239e+27,2.2,0.2,ML,trimmed_mean,16,confirmed
texnet2021paob,earthquake,known,TX,manual,final,2021-08-02 18:08:22.564824,-103.2695874,0.515572021,31.14080425,0.4630323825,2532.446289,779.3624941,smi:org.gfz-potsdam.de/geofon/NonLinLoc,smi:org.gfz-potsdam.de/geofon/PB1D-20170918-topoLV,872.7268496,585.5244547,872.7268496,53.2005242,1517205.5210000002,671882.515,1042092.9670000001,161.0078601,-177.0028826,102.3414734,60,29,,23,,0.2,51.0,62.63423948,-,0.02186338819,0.1661146502,8.998234239e+27,1.9,0.1,ML,trimmed_mean,13,confirmed
texnet2021paod,earthquake,known,TX,manual,final,2021-08-02 18:10:28.414532,-103.2551087,0.6205719223,31.14904352,0.479328421,3149.4384769999997,677.6718801000001,smi:org.gfz-potsdam.de/geofon/NonLinLoc,smi:org.gfz-potsdam.de/geofon/PB1D-20170918-topoLV,1019.054814,612.9578717,1019.054814,61.31233937,1371943.666,741026.715,1166292.672,137.3570674,-159.2664035,99.3852125,60,27,,23,,0.2,42.0,54.29065826,-,0.02423098676,0.1108994562,8.998234239e+27,2.3,0.2,ML,trimmed_mean,13,confirmed
texnet2021paoe,earthquake,known,TX,manual,final,2021-08-02 18:10:55.341726,-103.2390292,0.5008628945,31.15497923,0.5286070168,3457.93457,929.2114406999999,smi:org.gfz-potsdam.de/geofon/NonLinLoc,smi:org.gfz-potsdam.de/geofon/PB1D-20170918-topoLV,832.7312558,725.4125690999999,832.7312558,33.43394446,1768492.463,896841.6456,993957.4314,168.9021991,65.85989611,87.42454849,75,31,,26,,0.2,47.0,53.29971182,-,0.0320226236,0.1449349563,8.998234239e+27,3.1,0.1,ML,trimmed_mean,12,confirmed
texnet2021qsxb,earthquake,known,TX,manual,final,2021-08-27 00:39:54.973713,-103.3020265,0.3955216425,31.12042132,0.6576561622,2866.6503909999997,1486.378052,smi:org.gfz-potsdam.de/geofon/NonLinLoc,smi:org.gfz-potsdam.de/geofon/PB1D-20170918-topoLV,1008.364813,581.191102,1008.364813,169.6248281,2802224.011,698885.3752,1239753.351,5.063472524,-34.11205198,93.69940801,38,21,,14,,0.2,90.0,94.89091766,-,0.04314229724,0.1713459374,0.1662847461,1.6,0.2,ML,trimmed_mean,6,confirmed
texnet2021vicn,earthquake,known,TX,manual,final,2021-10-31 06:37:20.021237,-103.2866176,0.6296380633,31.17485131,0.6391749031,2738.110352,1081.926702,smi:org.gfz-potsdam.de/geofon/NonLinLoc,smi:org.gfz-potsdam.de/geofon/PB1D-20170918-topoLV,988.2781653,935.2968285,988.2781653,142.9239635,2132025.148,1006907.342,1189248.552,20.05668457,-16.47029572,109.6219627,57,22,,17,,0.2,90.0,117.2218276,-,0.0191258752,0.1520963189,8.998234239e+27,1.9,0.1,ML,trimmed_mean,11,confirmed
texnet2021vize,earthquake,known,TX,manual,final,2021-10-31 18:03:56.256779,-103.2879569,0.7637709322,31.17462435,0.7859519494,2558.154297,1226.838809,smi:org.gfz-potsdam.de/geofon/NonLinLoc,smi:org.gfz-potsdam.de/geofon/PB1D-20170918-topoLV,1216.777198,1132.21297,1216.777198,146.7269583,2343566.554,1353148.259,1493174.966,12.90489212,-3.957225881,101.7199953,50,25,,20,,0.3,72.0,101.6942699,-,0.0201636307,0.2062993647,0.2062993647,2.0,0.2,ML,trimmed_mean,13,confirmed
texnet2021vyua,earthquake,known,TX,manual,final,2021-11-09 09:38:07.137518,-103.2925777,0.6111784356,31.1500458,0.574484345,3715.014648,1055.947736,smi:org.gfz-potsdam.de/geofon/NonLinLoc,smi:org.gfz-potsdam.de/geofon/PB1D-20170918-topoLV,1014.227757,767.8255954,1014.227757,51.58635717,2134121.645,764267.9271,1131842.137,156.0813969,-171.5465054,109.8488518,70,29,,23,,0.2,61.0,104.2917179,-,0.04201006951,0.171681905,8.998234239e+27,2.5,0.2,ML,trimmed_mean,10,confirmed
texnet2021vzbx,earthquake,known,TX,manual,final,2021-11-09 13:36:59.140801,-103.2780887,0.5169202325,31.16196437,0.5232217046,3046.606445,883.414495,smi:org.gfz-potsdam.de/geofon/NonLinLoc,smi:org.gfz-potsdam.de/geofon/PB1D-20170918-topoLV,823.4865722,752.392894,823.4865722,41.13347835,1670839.1549999998,923581.0275999999,1009849.7579999999,8.112211358,12.24967574,84.49797652,72,31,,25,,0.2,60.0,59.52152139,-,0.02615997206,0.2840417023,8.998234239e+27,2.5,0.2,ML,trimmed_mean,7,confirmed
texnet2021wjnw,earthquake,known,TX,manual,final,2021-11-15 07:00:32.707225,-103.3400914,0.381434148,31.0906183,0.6937935565,4357.714844,1072.583782,smi:org.gfz-potsdam.de/geofon/NonLinLoc,smi:org.gfz-potsdam.de/geofon/PB1D-20170918-topoLV,1076.353836,532.1634048,1076.353836,165.9716644,2035112.682,595027.0342,1333434.925,171.6080217,-167.8943859,81.61234909,79,36,,26,,0.2,53.0,91.4268895,-,0.03069942309,0.1716148443,8.998234239e+27,2.3,0.2,ML,trimmed_mean,13,confirmed
texnet2021wlww,earthquake,known,TX,manual,final,2021-11-16 13:50:02.150637,-103.2314095,0.3857356558,31.11382651,0.5582438556,1735.498047,687.3574148,smi:org.gfz-potsdam.de/geofon/NonLinLoc,smi:org.gfz-potsdam.de/geofon/PB1D-20170918-topoLV,900.110007,498.7853564,900.110007,24.07652069,1298798.312,610806.9922,1110465.607,9.856700173,-86.14657256,94.70881639,51,31,,20,,0.2,45.0,51.82711751,-,0.01691076487,0.2102070454,0.1729805353,2.0,0.2,ML,trimmed_mean,12,confirmed
texnet2021wooj,earthquake,known,TX,manual,final,2021-11-18 00:57:08.288194,-103.231122,0.4544353023,31.11957068,0.607951498,2738.110352,906.4683772999999,smi:org.gfz-potsdam.de/geofon/NonLinLoc,smi:org.gfz-potsdam.de/geofon/PB1D-20170918-topoLV,947.0009351000001,654.4135583,947.0009351000001,18.40718288,1724126.492,805152.7324,1146017.37,11.78738612,-91.81627181,93.73530927,79,35,,25,,0.2,54.0,98.63616377,-,0.01780050326,0.1406359336,8.998234239e+27,2.4,0.2,ML,trimmed_mean,15,confirmed
texnet2021wqqn,earthquake,known,TX,manual,final,2021-11-19 04:18:11.088210,-103.2657692,0.6020827089,31.16377523,0.7054481635,3406.518555,968.1949321,smi:org.gfz-potsdam.de/geofon/NonLinLoc,smi:org.gfz-potsdam.de/geofon/PB1D-20170918-topoLV,1167.973812,783.7134581,1167.973812,147.2437622,2084877.869,859825.9994999999,1122220.044,33.91853893,-46.25193593,112.5299422,69,31,,23,,0.2,73.0,75.28190301,-,0.0234710107,0.1356477315,8.998234239e+27,3.0,0.2,ML,trimmed_mean,16,confirmed
texnet2021wwdx,earthquake,known,TX,manual,final,2021-11-22 04:44:52.962114,-103.2577574,0.6415698259,31.15778201,0.6161001341,3972.094727,750.3492125,smi:org.gfz-potsdam.de/geofon/NonLinLoc,smi:org.gfz-potsdam.de/geofon/PB1D-20170918-topoLV,1046.0678560000001,851.7522169,1046.0678560000001,50.76209307,1549722.3599999999,1024020.892,1153308.86,36.76894002,28.53253392,70.8707047,79,43,,38,,0.3,38.0,50.72077495,-,0.03092136303,0.4010985712,8.998234239e+27,2.3,0.2,ML,trimmed_mean,22,confirmed
texnet2021xfcd,earthquake,known,TX,manual,final,2021-11-27 02:04:59.367892,-103.322455,0.3639832047,31.19008882,0.551116629,3098.0224609999996,1376.84473,smi:org.gfz-potsdam.de/geofon/NonLinLoc,smi:org.gfz-potsdam.de/geofon/PB1D-20170918-topoLV,846.6396617,535.2493820999999,846.6396617,11.87491855,2603855.574,593506.2206,1048496.7770000001,6.731972062,-17.95768943,96.70189255,61,28,,20,,0.2,59.0,110.0627343,-,0.04556822929,0.2235813206,0.2096313863,2.0,0.2,ML,trimmed_mean,9,confirmed
texnet2021xind,earthquake,known,TX,manual,final,2021-11-28 23:03:03.450254,-103.3165901,0.4256344441,31.17996685,0.5626824911,2892.358398,1327.702346,smi:org.gfz-potsdam.de/geofon/NonLinLoc,smi:org.gfz-potsdam.de/geofon/PB1D-20170918-topoLV,892.6228437,590.0083645999999,892.6228437,23.01255568,2511630.968,672495.9238999999,1104205.803,173.034875,170.32053,96.81285201,78,31,,25,,0.2,55.0,77.22444404,-,0.04104864486,0.194716708,8.998234239e+27,3.2,0.2,ML,trimmed_mean,17,confirmed
texnet2021yhyy,earthquake,known,TX,manual,final,2021-12-12 21:26:08.081473,-103.3326292,0.5770184805,31.19056674,0.5475603288,4589.086914,1654.865279,smi:org.gfz-potsdam.de/geofon/NonLinLoc,smi:org.gfz-potsdam.de/geofon/PB1D-20170918-topoLV,890.0459895,814.3679818,890.0459895,63.10390344,3143559.562,963319.1953,1044471.6499999999,8.931434606,3.989009148,97.65239873,54,22,,15,,0.2,60.0,60.11791405,-,0.05429890814,0.1391924485,8.998234239e+27,2.0,0.2,ML,trimmed_mean,11,confirmed
texnet2021yikf,earthquake,known,TX,manual,final,2021-12-13 03:06:15.760961,-103.329938,0.420188535,31.19607708,0.4967408593,5257.495117,871.5412685,smi:org.gfz-potsdam.de/geofon/NonLinLoc,smi:org.gfz-potsdam.de/geofon/PB1D-20170918-topoLV,759.051016,630.4397618999999,759.051016,12.69465132,1677905.855,706262.9082,928138.3023,14.07332284,-43.64342976,76.9450061,98,45,,32,,0.2,62.0,71.94439917,-,0.05266448416,0.193745547,8.998234239e+27,2.6,0.2,ML,trimmed_mean,16,confirmed
texnet2021ytov,earthquake,known,TX,manual,final,2021-12-19 05:56:09.202484,-103.31467,0.7171818794,31.19765753,0.8713480948,4511.962890999999,1432.680344,smi:org.gfz-potsdam.de/geofon/NonLinLoc,smi:org.gfz-potsdam.de/geofon/PB1D-20170918-topoLV,1357.410363,1042.454321,1357.410363,20.91164489,2760405.128,1137371.342,1681645.378,14.07706135,-21.09397537,75.92298285,58,27,,22,,0.3,73.0,77.8231337,-,0.040232637,0.1555285729,8.998234239e+27,2.3,0.2,ML,trimmed_mean,13,confirmed
texnet2021yvrj,earthquake,known,TX,manual,final,2021-12-20 09:29:50.516190,-103.3146556,0.6199537712,31.20317261,0.7071575165,5745.947266,1274.703347,smi:org.gfz-potsdam.de/geofon/NonLinLoc,smi:org.gfz-potsdam.de/geofon/PB1D-20170918-topoLV,1079.6819090000001,931.9013725000001,1079.6819090000001,166.7796583,2492299.332,1026470.038,1261971.663,17.89168311,-42.78594871,105.7717278,67,29,,23,,0.3,53.0,60.90522678,-,0.04202491051,0.2085428259,8.998234239e+27,2.5,0.2,ML,trimmed_mean,13,confirmed
texnet2021zewq,earthquake,known,TX,manual,final,2021-12-25 10:22:53.629372,-103.329617,0.552883169,31.21790715,0.5687689044,4923.291016,1163.329217,smi:org.gfz-potsdam.de/geofon/NonLinLoc,smi:org.gfz-potsdam.de/geofon/PB1D-20170918-topoLV,990.2749726,682.9821143,990.2749726,42.71423426,2241951.089,843398.3009,1122766.48,165.1231073,-138.5787606,92.24964662,59,24,,16,,0.2,93.0,93.30824442,-,0.06016861431,0.1481863914,0.1481863914,1.8,0.2,ML,trimmed_mean,10,confirmed
texnet2021zmjv,earthquake,known,TX,manual,final,2021-12-29 12:59:43.533285,-103.3257001,0.5031396354,31.17722616,0.6434762979,4126.342773,1399.1552430000002,smi:org.gfz-potsdam.de/geofon/NonLinLoc,smi:org.gfz-potsdam.de/geofon/PB1D-20170918-topoLV,985.0135515000001,751.2217731000001,985.0135515000001,167.8746517,2678345.9560000002,866900.0340999999,1157866.955,11.94628176,-44.09158234,81.40310825,44,31,,24,,0.3,39.0,68.60891914,-,0.04923046158,0.2806769315,0.2374512233,2.7,0.1,ML,trimmed_mean,14,confirmed
texnet2021zqcp,earthquake,known,TX,manual,final,2021-12-31 13:52:50.485680,-103.318637,0.6558051933,31.21719769,0.5883595487,5206.079102000001,1507.164455,smi:org.gfz-potsdam.de/geofon/NonLinLoc,smi:org.gfz-potsdam.de/geofon/PB1D-20170918-topoLV,1158.919489,665.0373389,1158.919489,51.18577842,2969037.4579999996,795695.2788999999,1144723.428,161.0845822,-149.6830888,96.22812088,55,22,,17,,0.2,50.0,83.20885187,-,0.05190920282,0.2142155348,8.998234239e+27,2.6,0.2,ML,trimmed_mean,8,confirmed
texnet2022apfg,earthquake,known,TX,manual,final,2022-01-09 07:41:22.845044,-103.3254615,0.9208663282,31.16550612,1.259115107,4614.794922,1869.8701680000001,smi:org.gfz-potsdam.de/geofon/NonLinLoc,smi:org.gfz-potsdam.de/geofon/PB1D-20170918-topoLV,2133.1976520000003,1022.84347,2133.1976520000003,30.52770429,3640210.3630000004,1244723.747,2476217.8899999997,159.3844633,-130.2952762,94.33476415,48,22,,21,,0.3,57.0,73.01332441,-,0.05264908264,0.2374668801,0.2374668801,2.2,0.1,ML,trimmed_mean,11,confirmed
texnet2022asyl,earthquake,known,TX,manual,final,2022-01-11 08:47:58.305752,-103.343339,0.3940577934,31.19104476,0.5423371742,3200.854492,1068.7761899999998,smi:org.gfz-potsdam.de/geofon/NonLinLoc,smi:org.gfz-potsdam.de/geofon/PB1D-20170918-topoLV,859.1204071000001,543.6522628,859.1204071000001,21.90468247,2008593.695,672211.6362000001,1064124.826,1.450254505,-172.6585996,91.26627862,53,36,,27,,0.3,47.0,57.12426993,-,0.06348777968,0.2607764656,0.2369498469,2.0,0.1,ML,trimmed_mean,16,confirmed
texnet2022bcpc,earthquake,known,TX,manual,preliminary,2022-01-16 15:27:26.556167,-103.215736,0.6688805158,31.15652775,0.9286702921,3123.7304689999996,1726.309727,smi:org.gfz-potsdam.de/geofon/NonLinLoc,smi:org.gfz-potsdam.de/geofon/PB1D-20170918-topoLV,1424.176158,992.1343055,1424.176158,168.0588115,3257732.1659999997,1219010.9440000001,1744936.947,173.7921582,-50.08633246,86.95063059,39,19,,18,,0.3,54.0,73.73039434,-,0.04343855118,0.2275416247,0.1732441647,2.0,0.3,ML,trimmed_mean,12,
texnet2022beyi,earthquake,known,TX,manual,final,2022-01-17 22:22:24.499723,-103.3320936,0.6405551693,31.1905658,0.6746442805,4846.1669919999995,1352.2602909999998,smi:org.gfz-potsdam.de/geofon/NonLinLoc,smi:org.gfz-potsdam.de/geofon/PB1D-20170918-topoLV,1095.0080870000002,889.6660607,1095.0080870000002,37.67162561,2628516.471,1039019.405,1233444.278,16.53644594,31.01998074,101.5280974,63,27,,23,,0.3,48.0,73.48219013,-,0.05384093903,0.1945389602,8.998234239e+27,2.2,0.1,ML,trimmed_mean,13,confirmed
texnet2022bfnz,earthquake,known,TX,manual,final,2022-01-18 06:16:26.524115,-103.3344648,0.448127139,31.09451513,0.5987486895,5668.823242,1318.111433,smi:org.gfz-potsdam.de/geofon/NonLinLoc,smi:org.gfz-potsdam.de/geofon/PB1D-20170918-topoLV,908.050374,679.614411,908.050374,0.2230705966,2496871.6410000003,797665.1246999999,1112132.7650000001,7.845647722,-36.10734808,96.69444531,70,35,,31,,0.3,49.0,79.15904988,-,0.07703415052,0.3476862101,8.998234239e+27,2.4,0.1,ML,trimmed_mean,16,confirmed
texnet2022bizw,earthquake,known,TX,manual,final,2022-01-20 03:41:45.004456,-103.348713,0.3595666345,31.18278101,0.4920977719,3457.93457,1639.9515979999999,smi:org.gfz-potsdam.de/geofon/NonLinLoc,smi:org.gfz-potsdam.de/geofon/PB1D-20170918-topoLV,764.8003196,519.0488888,764.8003196,17.31601689,3082334.791,640713.7761,945324.5342,178.3774454,-67.82325926,91.04083265,56,40,,27,,0.3,40.0,79.41764485,-,0.06809757395,0.2925818335,0.2414637421,3.1,0.1,ML,trimmed_mean,14,confirmed
texnet2022bjaz,earthquake,known,TX,manual,final,2022-01-20 04:14:51.431965,-103.335825,0.3501682793,31.19792581,0.4947323697,4023.510742,1288.188116,smi:org.gfz-potsdam.de/geofon/NonLinLoc,smi:org.gfz-potsdam.de/geofon/PB1D-20170918-topoLV,764.5092572,510.3869718,764.5092572,14.9374961,2437668.747,568681.791,942867.58,7.074336313,5.277371448,96.74414335,60,39,,28,,0.3,44.0,55.19356063,-,0.05796015233,0.2751295019,0.2458362959,2.2,0.1,ML,trimmed_mean,14,confirmed
texnet2022bjbn,earthquake,known,TX,manual,final,2022-01-20 04:32:17.377432,-103.3310081,0.3439503353,31.19653858,0.5822787259,5771.655273,799.3849657999999,smi:org.gfz-potsdam.de/geofon/NonLinLoc,smi:org.gfz-potsdam.de/geofon/PB1D-20170918-topoLV,889.3542923,510.83729580000005,889.3542923,8.335885443,1506161.116,623112.864,1101536.837,4.81011237,7.598816732,85.37076812,87,46,,36,,0.3,42.0,58.14307179,-,0.05364811156,0.3369643697,8.998234239e+27,2.7,0.1,ML,trimmed_mean,14,confirmed
texnet2022csxs,earthquake,known,TX,manual,final,2022-02-08 19:30:06.286392,-103.2431911,0.5642368646,31.11109842,0.9877113042,2455.322266,851.3487074,smi:org.gfz-potsdam.de/geofon/NonLinLoc,smi:org.gfz-potsdam.de/geofon/PB1D-20170918-topoLV,1523.888752,808.5900371,1523.888752,12.5210022,2096302.2540000002,982371.2598,1329129.676,56.0160355,75.23426814,100.9869129,49,27,,24,,0.2,60.0,104.6739479,-,0.01584192554,0.2783775448,0.2783775448,2.8,0.1,ML,trimmed_mean,14,confirmed
texnet2022dgga,earthquake,known,TX,manual,final,2022-02-16 02:27:26.390458,-103.2194694,0.5313616073,31.08599019,0.5013925561,4486.254883,695.914277,smi:org.gfz-potsdam.de/geofon/NonLinLoc,smi:org.gfz-potsdam.de/geofon/PB1D-20170918-topoLV,874.4155840999999,680.4399962,874.4155840999999,128.1739323,1410635.7559999998,688060.2649,1063178.2989999999,153.5245661,-162.7625199,65.90464925,53,30,,19,,0.2,53.0,91.2795146,-,0.02815579486,0.2526276009,0.2494384574,2.5,0.1,ML,trimmed_mean,12,confirmed
texnet2022gdbd,earthquake,known,TX,manual,final,2022-03-29 01:12:00.946115,-103.2066333,0.6921208386,31.15696274,1.199651093,4614.794922,1686.42073,smi:org.gfz-potsdam.de/geofon/NonLinLoc,smi:org.gfz-potsdam.de/geofon/PB1D-20170918-topoLV,1844.004567,1005.730261,1844.004567,11.20969309,3288279.655,1178744.099,2146712.978,160.2687142,98.5266667,98.24710009,34,29,,27,,0.4,41.0,68.76509501,-,0.05508597792,1.115865901,0.3622078924,2.7,0.2,ML,trimmed_mean,23,confirmed
texnet2022gdkr,earthquake,known,TX,manual,final,2022-03-29 06:00:28.026611,-103.2267325,0.431703506,31.15035212,0.6011283076,3869.2626950000003,896.5872466,smi:org.gfz-potsdam.de/geofon/NonLinLoc,smi:org.gfz-potsdam.de/geofon/PB1D-20170918-topoLV,922.9957148,638.625224,922.9957148,12.50020285,1702718.357,784202.6926,1121113.5380000002,10.8567141,-82.09967267,85.8713111,20,20,,18,,0.2,68.0,79.31508576,-,0.03337973138,1.529798439,0.1901716772,2.7,0.1,ML,trimmed_mean,12,confirmed
texnet2022hedw,earthquake,known,TX,manual,final,2022-04-12 21:15:00.955758,-103.158878,0.3435903035,31.11936631,0.4060856977,1452.709961,724.6887983,smi:org.gfz-potsdam.de/geofon/NonLinLoc,smi:org.gfz-potsdam.de/geofon/PB1D-20170918-topoLV,617.3822073,519.2754166,617.3822073,172.5436925,1368558.121,628300.785,764852.216,6.52488266,7.364246643,96.52487572,27,20,,14,,0.2,55.0,101.9705274,-,0.01197892563,0.2138241995,0.1162864849,2.4,0.2,ML,trimmed_mean,6,confirmed
texnet2022lejk,earthquake,known,TX,manual,final,2022-06-08 22:12:29.903850,-103.3298721,0.7422626284,31.11312051,1.317214271,2558.154297,1250.82183,smi:org.gfz-potsdam.de/geofon/NonLinLoc,smi:org.gfz-potsdam.de/geofon/PB1D-20170918-topoLV,2188.4138759999996,684.5884685,2188.4138759999996,154.5380243,2847814.322,820066.4721,2193155.301,118.5741144,-62.58763848,84.21707321,20,15,,13,,0.4,68.0,125.1243678,-,0.03814363095,0.324190132,0.2689642802,2.7,0.2,ML,trimmed_mean,12,confirmed
texnet2022lhci,earthquake,known,TX,manual,final,2022-06-10 10:01:52.217847,-103.3352515,0.6025089959,31.10118059,1.03546838,3483.642578,1267.46279,smi:org.gfz-potsdam.de/geofon/NonLinLoc,smi:org.gfz-potsdam.de/geofon/PB1D-20170918-topoLV,1676.530954,700.165145,1676.530954,157.3302727,2683012.324,804467.0044,1700407.643,35.73044103,120.5811642,80.67704982,22,22,,17,,0.3,77.0,91.1111112,-,0.03224509381,1.793201017,0.2002327405,2.4,0.2,ML,trimmed_mean,13,confirmed
texnet2022locs,earthquake,known,TX,manual,final,2022-06-14 06:10:25.573596,-103.3074833,1.435024891,31.08090716,1.295471453,4614.794922,2505.325941,smi:org.gfz-potsdam.de/geofon/NonLinLoc,smi:org.gfz-potsdam.de/geofon/PB1D-20170918-topoLV,2404.710713,1677.413083,2404.710713,126.4153309,4916106.740999999,1793124.457,2822539.281,161.0214869,-178.5821033,75.49715439,16,16,,16,,0.3,69.0,133.6033846,-,0.08833202978,1.522068336,0.3431814887,2.2,0.2,ML,trimmed_mean,11,confirmed
texnet2022lvxs,earthquake,known,TX,manual,final,2022-06-18 12:43:34.699139,-103.2521254,0.4650946093,31.07871877,0.6760764002,3098.0224609999996,1513.518451,smi:org.gfz-potsdam.de/geofon/NonLinLoc,smi:org.gfz-potsdam.de/geofon/PB1D-20170918-topoLV,1033.736738,692.957888,1033.736738,170.1184837,2900896.5039999997,760285.5978,1212495.5990000002,12.14398119,-43.07242652,98.93934549,81,48,,36,,0.3,63.0,67.7618419,-,0.04635922177,0.3889978449,0.3507532934,3.2,0.1,ML,trimmed_mean,14,confirmed
texnet2022mgvc,earthquake,known,TX,manual,final,2022-06-24 11:54:17.303155,-103.2065887,0.8840982138,31.16891202,0.8129379704,3894.970703,2249.995332,smi:org.gfz-potsdam.de/geofon/NonLinLoc,smi:org.gfz-potsdam.de/geofon/PB1D-20170918-topoLV,1409.323232,1153.929355,1409.323232,57.5526084,4384360.388,1295358.112,1435966.371,16.12373601,28.53584122,105.8262937,28,27,,21,,0.4,50.0,81.75539522,-,0.03249827084,1.880624911,0.2693339421,2.5,0.2,ML,trimmed_mean,12,confirmed
texnet2022mirc,earthquake,known,TX,manual,final,2022-06-25 12:09:18.699454,-103.1395722,0.4513739403,31.1284967,0.5255294989,2326.7822269999997,650.7189705000001,smi:org.gfz-potsdam.de/geofon/NonLinLoc,smi:org.gfz-potsdam.de/geofon/PB1D-20170918-topoLV,820.2967777,656.4514295,820.2967777,156.7606715,1302908.742,812671.9738,911501.9208,28.90540215,-64.64243439,87.44165088,83,52,,38,,0.3,63.0,96.82434009,-,0.009917143297,0.7063132596,0.415290952,2.1,0.3,ML,trimmed_mean,19,
texnet2022molh,earthquake,known,TX,manual,final,2022-06-28 16:02:34.133750,-103.2488526,0.563559068,31.09801381,0.6155569691,2789.526367,1014.3730070000001,smi:org.gfz-potsdam.de/geofon/NonLinLoc,smi:org.gfz-potsdam.de/geofon/PB1D-20170918-topoLV,954.380895,831.3412533,954.380895,25.03627675,1957297.4679999999,1010356.122,1113125.014,164.145447,-97.13749488,80.98660673,19,18,,14,,0.2,75.0,141.3982898,-,0.02716601232,0.5507325541,0.14796648,2.4,0.2,ML,trimmed_mean,13,confirmed
texnet2022nhkc,earthquake,known,TX,manual,final,2022-07-09 01:01:16.237521,-103.2987954,1.031452868,31.1277683,1.079127263,5437.451172,2592.1182009999998,smi:org.gfz-potsdam.de/geofon/NonLinLoc,smi:org.gfz-potsdam.de/geofon/PB1D-20170918-topoLV,1670.980141,1527.4717369999998,1670.980141,29.86106705,4881447.0709999995,1889867.599,2045606.414,4.288702756,44.79205199,91.32560184,51,30,,24,,0.8,61.0,75.81662337,-,0.04022120626,0.33473316,0.2892166094,2.0,0.2,ML,trimmed_mean,24,confirmed
texnet2022nihf,earthquake,known,TX,manual,final,2022-07-09 12:41:38.649921,-103.2145276,0.5403861873,31.12090609,0.6124085538,1298.461914,566.5597690000001,smi:org.gfz-potsdam.de/geofon/NonLinLoc,smi:org.gfz-potsdam.de/geofon/PB1D-20170918-topoLV,951.4987935,793.0267478000001,951.4987935,156.8445217,1240689.7759999998,793167.3383,1148649.658,130.9547689,75.80302797,50.3732936,22,22,,18,,0.3,57.0,70.07502435,-,0.007995438003,0.4905736469,0.1428834858,2.0,0.2,ML,trimmed_mean,12,confirmed
texnet2022opsq,earthquake,known,TX,manual,final,2022-07-27 19:57:38.273335,-103.2795993,1.094483402,31.1038292,0.9198292092,4923.291016,2497.399802,smi:org.gfz-potsdam.de/geofon/NonLinLoc,smi:org.gfz-potsdam.de/geofon/PB1D-20170918-topoLV,1911.490543,1023.4047079999999,1911.490543,125.9569424,4753409.891,1197033.2519999999,2281246.258,10.18558006,115.2708493,95.48383114,18,16,,10,,0.4,72.0,130.0848625,-,0.07992210568,0.5030814085,0.203275975,2.0,0.1,ML,trimmed_mean,8,
texnet2022pyqh,earthquake,known,TX,manual,final,2022-08-15 22:31:58.898469,-103.2955894,1.339068301,31.1259234,1.446158396,5437.451172,1799.799925,smi:org.gfz-potsdam.de/geofon/NonLinLoc,smi:org.gfz-potsdam.de/geofon/PB1D-20170918-topoLV,2617.864928,1442.59581,2617.864928,139.1326154,4078478.0409999997,1786615.267,2306704.9590000003,42.67626354,130.4573099,91.30157492,30,26,,20,,0.5,63.0,69.74854016,-,0.03738827776,1.548907352,0.1990432787,2.3,0.2,ML,trimmed_mean,16,confirmed
texnet2022pysr,earthquake,known,TX,manual,final,2022-08-15 23:45:27.601572,-103.27053,0.493054927,31.1826293,0.5674840457,4383.422852,865.5275220000001,smi:org.gfz-potsdam.de/geofon/NonLinLoc,smi:org.gfz-potsdam.de/geofon/PB1D-20170918-topoLV,876.2132045999999,729.4349986000001,876.2132045999999,160.1924481,1686191.655,903293.5329,990062.6501000001,19.0595606,-68.14766154,91.55971253,58,40,,24,,0.4,42.0,69.79595337,-,0.004483873738,0.4636247513,0.2351694496,2.9,0.2,ML,trimmed_mean,19,confirmed
texnet2022pywv,earthquake,known,TX,manual,final,2022-08-16 01:50:04.318810,-103.2689237,1.027692962,31.09553289,1.172909089,3175.146484,2043.710667,smi:org.gfz-potsdam.de/geofon/NonLinLoc,smi:org.gfz-potsdam.de/geofon/PB1D-20170918-topoLV,1778.813337,1558.563694,1778.813337,179.629676,4000390.182,1824997.199,1998674.244,161.4819036,-104.7683801,74.42685521,33,28,,20,,0.5,65.0,65.02646559,-,0.05220606226,1.510934712,0.3397650347,2.1,0.2,ML,trimmed_mean,18,confirmed
texnet2022pzgu,earthquake,known,TX,manual,final,2022-08-16 06:51:39.809677,-103.2132797,0.9010920032,31.09631454,1.010688264,3380.810547,2750.02283,smi:org.gfz-potsdam.de/geofon/NonLinLoc,smi:org.gfz-potsdam.de/geofon/PB1D-20170918-topoLV,1605.193581,1280.744302,1605.193581,29.51234356,5167283.868000001,1585170.929,1988613.5890000002,0.8033489546,-27.06497941,89.19737917,35,25,,18,,0.4,94.0,149.3416894,-,0.04391260843,0.4577317753,0.4050184375,2.0,0.2,ML,trimmed_mean,13,confirmed
texnet2022vegl,earthquake,known,TX,manual,preliminary,2022-10-29 04:03:07.022570,-103.3572672,0.4136375843,31.18922903,0.5425726309,7416.967772999999,853.2436617,smi:org.gfz-potsdam.de/geofon/NonLinLoc,smi:org.gfz-potsdam.de/geofon/PB1D-20170918-topoLV,854.8658772,582.933004,854.8658772,21.75485549,1677032.822,695098.4978,957848.98,20.48087589,-95.40698683,81.04715204,136,58,,42,,0.2,49.0,62.84418827,-,0.08729276329,0.4726154948,8.998234239e+27,2.5,0.1,ML,trimmed_mean,24,confirmed
texnet2022vhoa,earthquake,known,TX,manual,final,2022-10-30 23:17:14.763677,-103.2631282,0.370844575,31.15227937,0.3796514331,2172.53418,686.8864509,smi:org.gfz-potsdam.de/geofon/NonLinLoc,smi:org.gfz-potsdam.de/geofon/PB1D-20170918-topoLV,603.7793270000001,532.2317316,603.7793270000001,39.61014073,1315044.351,621683.0897,737517.0358000001,167.2629682,103.4391981,101.4637158,70,36,,26,,0.2,42.0,81.62626607,-,0.02894297052,0.3241506308,0.3241506308,2.0,0.1,ML,trimmed_mean,13,confirmed
texnet2022vofn,earthquake,known,TX,manual,preliminary,2022-11-03 14:56:43.397561,-103.264417,0.4753333841,31.16813827,0.3930886009,1118.505859,804.2793036,smi:org.gfz-potsdam.de/geofon/NonLinLoc,smi:org.gfz-potsdam.de/geofon/PB1D-20170918-topoLV,758.583969,547.3659221,758.583969,63.27549678,1537915.9540000001,638874.0893,923641.7272999999,167.6466386,-106.8277596,80.33435892,78,35,,29,,0.2,43.0,58.91291998,-,0.01937004701,0.254079111,8.998234239e+27,2.5,0.1,ML,trimmed_mean,12,confirmed
texnet2022wcaa,earthquake,known,TX,manual,final,2022-11-11 04:08:15.403278,-103.2439976,0.4798255545,31.10995141,0.8551930428,2738.110352,820.6471409000001,smi:org.gfz-potsdam.de/geofon/NonLinLoc,smi:org.gfz-potsdam.de/geofon/PB1D-20170918-topoLV,1302.371046,717.9703161,1302.371046,6.2634378,1754133.635,763336.0171,1453292.0610000002,47.87429224,70.2520027,70.59171613,57,32,,31,,0.2,60.0,89.89570254,-,0.01656245167,0.2797170545,8.998234239e+27,2.7,0.2,ML,trimmed_mean,19,confirmed
texnet2022webj,earthquake,known,TX,manual,final,2022-11-12 07:01:49.958766,-103.2665353,0.5201969765,31.08932298,0.7637886811,3972.094727,1324.41419,smi:org.gfz-potsdam.de/geofon/NonLinLoc,smi:org.gfz-potsdam.de/geofon/PB1D-20170918-topoLV,1185.169384,748.0127215,1185.169384,164.1721794,2553708.615,818500.2956,1419524.42,14.47643893,-32.27654553,100.8822438,80,48,,39,,0.3,58.0,115.9049796,-,0.03784896806,0.5603394834,0.4274308122,2.4,0.1,ML,trimmed_mean,19,confirmed
texnet2022wgxy,earthquake,known,TX,manual,preliminary,2022-11-13 20:42:06.527379,-103.2590687,0.3549432227,31.16628754,0.3518702381,-835.3027344000001,311.4106316,smi:org.gfz-potsdam.de/geofon/NonLinLoc,smi:org.gfz-potsdam.de/geofon/PB1D-20170918-topoLV,582.9087978,484.5113536,582.9087978,46.36310824,723969.3334,563225.8621,618673.6062,83.01673607,-135.0197331,36.34214933,59,59,,34,,0.3,35.0,34.55877111,-,0.02255755968,1.845965864,0.2985840908,2.3,0.2,ML,trimmed_mean,24,confirmed
texnet2022wumx,earthquake,known,TX,manual,final,2022-11-21 07:01:16.643475,-103.3387437,0.4513695912,31.09498213,0.6684634605,4229.174805000001,1351.133239,smi:org.gfz-potsdam.de/geofon/NonLinLoc,smi:org.gfz-potsdam.de/geofon/PB1D-20170918-topoLV,1022.0711360000001,672.0861379,1022.0711360000001,170.2834001,2567367.87,827476.6014,1210237.638,9.709364541,87.8989464,87.63457099,55,44,,27,,0.3,49.0,62.62474336,-,0.08023974285,1.147854468,0.3074742098,2.3,0.1,ML,trimmed_mean,13,confirmed
texnet2022wxmz,earthquake,known,TX,manual,final,2022-11-22 22:28:04.999499,-103.2236626,0.3813267313,31.1103596,0.9168474189,1606.958008,658.0848172,smi:org.gfz-potsdam.de/geofon/NonLinLoc,smi:org.gfz-potsdam.de/geofon/PB1D-20170918-topoLV,1411.1691369999999,525.7813017000001,1411.1691369999999,10.59690175,1873648.312,631573.5277,1048790.661,115.6132139,78.14047669,79.86894782,52,26,,19,,0.2,58.0,78.87336244,-,0.01067360129,0.2504063325,0.2504063325,2.2,0.1,ML,trimmed_mean,9,confirmed
texnet2023cjqe,earthquake,known,TX,manual,final,2023-02-03 17:31:48.263779,-103.2194983,0.5706240274,31.1524014,1.234741735,9962.060547000001,1914.934161,smi:org.gfz-potsdam.de/geofon/NonLinLoc,smi:org.gfz-potsdam.de/geofon/PB1D-20170918-topoLV,1916.364822,763.5466011999999,1916.364822,13.3991063,3756730.876,889269.7374000001,2138174.1780000003,20.13674453,-91.10043871,84.25997622,69,29,,18,,0.3,63.0,123.5224879,-,0.05139194906,0.1915460609,8.998234239e+27,2.2,0.1,ML,trimmed_mean,12,confirmed
texnet2023iaau,earthquake,known,TX,manual,final,2023-04-24 20:40:43.002405,-103.2645297,0.4600870799,31.17491752,0.3359887298,1491.271973,543.4293302,smi:org.gfz-potsdam.de/geofon/NonLinLoc,smi:org.gfz-potsdam.de/geofon/PB1D-20170918-topoLV,716.9122081,482.2287273,716.9122081,71.92195001,1049576.148,576837.033,868239.2603,21.03674431,171.3985509,100.6318365,48,18,,13,,0.1,67.0,84.02468082,-,0.01280224305,0.1332182559,0.117424963,2.4,0.3,ML,trimmed_mean,20,confirmed
texnet2023iaax,earthquake,known,TX,manual,final,2023-04-24 20:43:29.446994,-103.2641443,0.7754998737,31.16974622,0.5774907721,5823.0712889999995,2298.452931,smi:org.gfz-potsdam.de/geofon/NonLinLoc,smi:org.gfz-potsdam.de/geofon/PB1D-20170918-topoLV,1198.7060940000001,844.6085995,1198.7060940000001,105.8054361,4436508.941,1020814.9550000001,1106387.827,166.3314045,159.9071174,97.73169179,55,16,,14,,0.2,68.0,78.42013221,-,0.01786006543,0.1683569336,8.998234239e+27,2.3,0.1,ML,trimmed_mean,7,confirmed
texnet2023iard,earthquake,known,TX,manual,final,2023-04-25 04:55:45.023871,-103.2647055,0.364099218,31.16147484,0.6268411509,989.9658203,1527.344243,smi:org.gfz-potsdam.de/geofon/NonLinLoc,smi:org.gfz-potsdam.de/geofon/PB1D-20170918-topoLV,957.3491068,540.4888958,957.3491068,171.7750918,2875851.058,649933.9756,1181858.557,3.945971375,-25.62313229,93.31243814,66,20,,17,,0.2,60.0,88.20651059,-,0.0258826957,0.1787064998,8.998234239e+27,2.4,0.2,ML,trimmed_mean,25,confirmed
texnet2023icjo,earthquake,known,TX,manual,final,2023-04-26 03:23:17.778748,-103.2740712,1.06299049,31.16264492,0.6862901216,4820.458984,1488.692344,smi:org.gfz-potsdam.de/geofon/NonLinLoc,smi:org.gfz-potsdam.de/geofon/PB1D-20170918-topoLV,1612.170552,1040.708801,1612.170552,89.32293141,3176227.884,922548.4103,1592172.2950000002,149.1203461,162.1492886,113.8616557,55,15,,12,,0.2,58.0,96.49968724,-,0.04218935581,0.12509238,8.998234239e+27,1.5,0.1,ML,trimmed_mean,6,confirmed
texnet2023idqz,earthquake,known,TX,manual,final,2023-04-26 20:16:33.245699,-103.281762,0.7397258791,31.18724993,0.5140374578,2532.446289,1267.124368,smi:org.gfz-potsdam.de/geofon/NonLinLoc,smi:org.gfz-potsdam.de/geofon/PB1D-20170918-topoLV,1138.89413,754.457815,1138.89413,76.69795659,2388863.2619999996,923003.3292,1404821.636,174.5398135,-122.6590045,86.13955374,53,28,,19,,0.3,45.0,65.07359875,-,0.01059614912,0.2366881495,0.2244295074,1.9,0.2,ML,trimmed_mean,10,confirmed
texnet2023jhuq,earthquake,known,TX,manual,final,2023-05-13 08:11:40.899432,-103.2663573,0.4525752461,31.14677165,0.5693586414,784.3017578,1762.39196,smi:org.gfz-potsdam.de/geofon/NonLinLoc,smi:org.gfz-potsdam.de/geofon/PB1D-20170918-topoLV,870.6488439,677.2413952,870.6488439,11.76204011,3339650.463,751027.521,1055608.663,7.718351658,-47.97586846,96.8896692,51,23,,19,,0.2,45.0,61.93867032,-,0.02504250003,0.1598046272,8.998234239e+27,2.3,0.2,ML,trimmed_mean,19,confirmed
texnet2023jqyr,earthquake,known,TX,manual,final,2023-05-18 08:27:25.347236,-103.2816801,0.9774595199,31.12405578,0.9472636464,4409.130859,1949.802744,smi:org.gfz-potsdam.de/geofon/NonLinLoc,smi:org.gfz-potsdam.de/geofon/PB1D-20170918-topoLV,1632.909265,1262.893126,1632.909265,48.5832719,3744144.228,1402758.828,1993468.734,13.07233668,99.09633068,101.8530553,40,22,,15,,0.3,75.0,79.84558826,-,0.02546782711,0.1982958677,0.1982958677,2.1,0.2,ML,trimmed_mean,18,confirmed
texnet2023jqyx,earthquake,known,TX,manual,final,2023-05-18 08:34:54.840247,-103.2609303,0.6235854285,31.1701984,0.637573724,2121.118164,681.5724989,smi:org.gfz-potsdam.de/geofon/NonLinLoc,smi:org.gfz-potsdam.de/geofon/PB1D-20170918-topoLV,1033.1587339999999,872.873887,1033.1587339999999,138.8160801,1427869.626,1035652.163,1155880.756,44.26136719,119.4050446,117.6289424,53,21,,15,,0.2,62.0,83.05891669,-,0.01832837337,0.1973930832,8.998234239e+27,2.6,0.2,ML,trimmed_mean,19,confirmed
texnet2023lnhp,earthquake,known,TX,manual,final,2023-06-13 19:30:27.418740,-103.2689011,0.6148420998,31.10288632,0.7754486898,90.18554687,646.7763077999999,smi:org.gfz-potsdam.de/geofon/NonLinLoc,smi:org.gfz-potsdam.de/geofon/PB1D-20170918-topoLV,1319.9385459999999,714.3322995999999,1319.9385459999999,32.68152105,1775323.6179999998,843986.4018,1034259.0990000002,61.83290992,55.25260295,113.5311543,60,16,,13,,0.2,70.0,90.09123446,-,0.02647152369,0.1598412473,8.998234239e+27,2.3,0.1,ML,trimmed_mean,24,confirmed
texnet2023nvjr,earthquake,known,TX,manual,final,2023-07-16 16:42:04.076732,-103.2829771,0.531400158,31.13807614,0.7204276381,321.5576172,1105.419484,smi:org.gfz-potsdam.de/geofon/NonLinLoc,smi:org.gfz-potsdam.de/geofon/PB1D-20170918-topoLV,1147.558889,725.4884205,1147.558889,156.7532213,2183730.161,805285.8454,1313498.432,21.31463468,-40.20328357,102.8277686,54,20,,17,,0.2,62.0,74.56929165,-,0.0296143791,0.2054097701,8.998234239e+27,2.4,0.1,ML,trimmed_mean,15,confirmed
texnet2023rshr,earthquake,known,TX,manual,final,2023-09-09 22:27:21.531455,-103.2524993,0.6733369309,31.12835566,0.8094138457,1041.381836,732.4879053,smi:org.gfz-potsdam.de/geofon/NonLinLoc,smi:org.gfz-potsdam.de/geofon/PB1D-20170918-topoLV,1323.049037,893.9619993,1323.049037,30.40102145,1847789.204,977480.229,1198879.212,55.08944831,54.24344158,50.99783185,46,30,,21,,0.3,51.0,59.70758347,-,0.003388460889,0.2286320379,0.2106044587,2.3,0.2,ML,trimmed_mean,10,confirmed
texnet2023tizq,earthquake,known,TX,manual,final,2023-10-03 07:13:46.597274,-103.277,0.4933704745,31.122,0.6638171543,3355.1,941.2518996,smi:org.gfz-potsdam.de/geofon/NonLinLoc,smi:org.gfz-potsdam.de/geofon/PB1D-20170918-topoLV,1064.835623,662.9333806,1064.835623,155.3955157,1795551.143,791113.7253,1300890.3,167.1536769,150.8999195,81.95936713,72,26,,21,,0.3,57.0,108.0,-,0.0,0.2,8.998234239e+27,2.4,0.1,ML(TexNet),trimmed_mean,7,confirmed
texnet2023vhfn,earthquake,known,TX,manual,final,2023-10-30 18:58:45.333222,-103.242,0.4067615716,31.079,0.4288289918,4332.0,1095.659394,smi:org.gfz-potsdam.de/geofon/NonLinLoc,smi:org.gfz-potsdam.de/geofon/PB1D-20170918-topoLV,667.5389673,598.2433216,667.5389673,30.54245989,2125644.099,586825.1512,779829.2954,15.06140665,25.52215089,104.5602524,48,24,,17,,0.2,67.0,67.0,-,0.0,0.2,0.2,2.1,0.1,ML(TexNet),trimmed_mean,7,confirmed
texnet2023wjvs,earthquake,known,TX,manual,preliminary,2023-11-15 10:58:32.905059,-103.265,0.4984336845,31.1,0.5591133289,90.2,982.0288713,smi:org.gfz-potsdam.de/geofon/NonLinLoc,smi:org.gfz-potsdam.de/geofon/PB1D-20170918-topoLV,879.0168247,719.5347679,879.0168247,152.6879411,1902565.512,800059.5395,1060612.035,164.1025231,-111.6618259,76.01821317,59,25,,18,,0.2,70.0,112.0,-,0.0,0.3,0.2,3.5,0.4,ML(TexNet),trimmed_mean,13,
texnet2023zgpy,earthquake,known,TX,manual,final,2023-12-26 09:15:52.536727,-103.33,1.092174066,31.171,1.504236665,7082.8,2010.207714,smi:org.gfz-potsdam.de/geofon/NonLinLoc,smi:org.gfz-potsdam.de/geofon/PB1D-20170918-topoLV,2553.819003,1194.078896,2553.819003,149.4361635,4434692.255,1374811.261,2214964.778,36.67570309,114.6292541,102.2702999,21,15,,12,,0.2,193.0,224.0,-,0.1,0.2,0.2,1.7,0.2,ML,trimmed_mean,13,confirmed
texnet2024beol,earthquake,known,TX,manual,final,2024-01-17 17:22:43.009777,-103.274,0.4731044629,31.113,0.7543650109,2429.6,1136.695094,smi:org.gfz-potsdam.de/geofon/NonLinLoc,smi:org.gfz-potsdam.de/geofon/PB1D-20170918-topoLV,1144.457165,716.850698,1144.457165,178.0420331,2179806.513,822919.2586,1389673.362,13.5157184,49.51518021,99.82001724,31,24,,17,,0.2,65.0,111.0,-,0.0,0.4,0.2,2.0,0.2,ML,trimmed_mean,11,confirmed
texnet2024cbww,earthquake,known,TX,manual,final,2024-01-30 11:45:24.103004,-103.247,1.382210365,31.111,1.193693129,3072.3,2451.88903,smi:org.gfz-potsdam.de/geofon/NonLinLoc,smi:org.gfz-potsdam.de/geofon/PB1D-20170918-topoLV,2488.930985,1215.180128,2488.930985,128.1534027,5233267.21,1487306.766,1842915.635,30.41786295,140.0544193,96.61773879,41,14,,12,,0.2,67.0,121.0,-,0.0,0.1,8.998234239e+27,1.5,0.2,ML,trimmed_mean,7,confirmed
texnet2024hcpw,earthquake,known,TX,manual,final,2024-04-11 01:02:24.297226,-103.232,0.6131814423169142,31.108,0.8625996864440917,2459.7,1085.2874945131725,smi:org.gfz-potsdam.de/geofon/NonLinLoc,smi:org.gfz-potsdam.de/geofon/PB1D-20170918-topoLV,1324.1839980760224,907.0264879409984,1324.1839980760224,12.27681861665559,2421664.1294204793,863987.9072381078,1225039.0037918955,143.96027318580374,-91.44612156583496,59.33972002645324,37,12,,8,,0.2,65.0,119.0,-,0.0,0.1,0.1,1.5,0.4,ML,trimmed_mean,12,confirmed
texnet2024iecf,earthquake,known,TX,manual,final,2024-04-26 01:57:18.747865,-103.234,0.4687576501768598,31.083,0.3751179316530987,-847.2,650.2820307512238,smi:org.gfz-potsdam.de/geofon/NonLinLoc,smi:org.gfz-potsdam.de/geofon/PB1D-20170918-topoLV,712.2452172048784,567.2171579183272,712.2452172048784,95.81636593281482,1231300.1967546425,698079.0683160382,872744.8458921531,170.2704729041527,-159.05232157809365,85.30979258267558,50,28,,20,,0.3,64.0,82.0,-,0.0,0.4,0.2,2.0,0.1,ML,trimmed_mean,7,confirmed
texnet2024iuga,earthquake,known,TX,manual,final,2024-05-04 22:02:28.066082,-103.248,0.2202962326168516,31.202,0.2560615831475661,88.5,327.3836652716836,smi:org.gfz-potsdam.de/geofon/NonLinLoc,smi:org.gfz-potsdam.de/geofon/PB1D-20170918-topoLV,394.52516709970473,326.76476371259287,394.52516709970473,161.64866422912695,654647.8629653687,340719.40155450546,486269.3764033223,156.13781100533893,-0.7638354745257334,113.26558111279002,34,19,,13,,0.1,77.0,115.0,-,0.0,0.2,0.1,1.9,0.2,ML,trimmed_mean,7,confirmed
texnet2024mczm,earthquake,known,TX,manual,final,2024-06-21 09:34:31.761324,-103.281,0.577245987971735,31.122,0.8971084610408767,3126.2,1238.935570553823,smi:org.gfz-potsdam.de/geofon/NonLinLoc,smi:org.gfz-potsdam.de/geofon/PB1D-20170918-topoLV,1386.4077413467392,833.853448865687,1386.4077413467392,13.927940552713835,2352791.711840561,974943.076805935,1717401.8274595754,9.2170352080168,-8.483371407175495,80.82111975931714,73,18,,18,,0.3,66.0,118.0,-,0.0,0.2,8.993203677595344e+27,1.9,0.1,ML,trimmed_mean,7,confirmed
texnet2024ounp,earthquake,known,TX,manual,final,2024-07-29 11:05:51.837466,-103.252,0.3975985516561298,31.086,0.6128358595462563,408.9,825.8077317221092,smi:org.gfz-potsdam.de/geofon/NonLinLoc,smi:org.gfz-potsdam.de/geofon/PB1D-20170918-topoLV,930.5839838440651,601.1771509048441,930.5839838440651,176.2306597666087,1583024.1414404078,721312.8155746051,1124654.8558369498,15.138049449818196,65.73564173693359,82.11517869991043,51,29,,24,,0.2,62.0,114.0,-,0.0,0.4,0.4,2.3,0.1,ML,trimmed_mean,14,confirmed
texnet2024outq,earthquake,known,TX,manual,final,2024-07-29 14:08:16.911174,-103.265,0.564606498319892,31.089,0.649963531726237,1024.2,1385.6198738595845,smi:org.gfz-potsdam.de/geofon/NonLinLoc,smi:org.gfz-potsdam.de/geofon/PB1D-20170918-topoLV,987.3158158197873,854.4258821138445,987.3158158197873,6.51570342261158,2662860.326559944,1005772.0193746007,1136462.5514177408,13.252171469941182,60.71720423482717,100.14009402934738,38,22,,19,,0.2,58.0,66.0,-,0.0,0.2,8.993203677595344e+27,1.7,0.1,ML,trimmed_mean,13,confirmed
texnet2024pyvh,earthquake,known,TX,manual,final,2024-08-15 01:03:56.295196,-103.269,0.27502719824961325,31.144,0.34846879985999674,101.3,794.6526805922391,smi:org.gfz-potsdam.de/geofon/NonLinLoc,smi:org.gfz-potsdam.de/geofon/PB1D-20170918-topoLV,557.3948217672995,377.58850677512277,557.3948217672995,25.60520691456932,1501894.5960992945,467116.8176616467,671470.4132460401,173.03895272514282,-107.81329679614188,88.94569178898207,30,25,,14,,0.1,73.0,126.0,-,0.0,0.4,0.2,2.1,0.1,ML,trimmed_mean,9,confirmed
texnet2024vfft,earthquake,known,TX,manual,final,2024-10-28 16:50:26.982924,-103.274,0.4285758371916621,31.115,0.686169718206853,4715.6,864.020909878759,smi:org.gfz-potsdam.de/geofon/NonLinLoc,smi:org.gfz-potsdam.de/geofon/PB1D-20170918-topoLV,1044.9831133345294,642.9419824412371,1044.9831133345294,6.643634639162315,1699927.655020606,617230.9610329098,1294193.562508777,18.60554559874364,-1.1071078966077632,108.54086614263767,57,28,,25,,0.1,56.0,109.0,-,0.0,0.5,8.993203677595344e+27,2.5,0.2,ML,trimmed_mean,23,confirmed
texnet2024wrxq,earthquake,known,TX,manual,final,2024-11-18 21:00:40.614845,-103.228,0.3340834581083198,31.096,0.26692677138710635,5523.1,864.7913058242696,smi:org.gfz-potsdam.de/geofon/NonLinLoc,smi:org.gfz-potsdam.de/geofon/PB1D-20170918-topoLV,521.0596354203307,386.107071088546,521.0596354203307,69.65648571135787,1672742.9685129027,408675.83969858085,566018.1996129943,165.64766079015854,175.31243562161856,101.27591601757597,51,22,,18,,0.1,62.0,121.0,-,0.1,0.1,8.993203677595344e+27,2.2,0.2,ML,trimmed_mean,12,confirmed
texnet2024wtwo,earthquake,known,TX,manual,final,2024-11-19 22:46:44.000847,-103.265,0.2779961543907598,31.106,0.24872339256590206,2985.2,719.4772776786322,smi:org.gfz-potsdam.de/geofon/NonLinLoc,smi:org.gfz-potsdam.de/geofon/PB1D-20170918-topoLV,428.91969569328785,368.86559440686,428.91969569328785,68.87373339322386,1370559.3665551546,432321.5670363183,503133.6413090798,169.90851522236375,171.13589987887048,97.85475142615772,82,29,,23,,0.1,69.0,126.0,-,0.0,0.2,8.993203677595344e+27,3.0,0.2,ML,trimmed_mean,34,confirmed
texnet2024xtnn,earthquake,known,TX,manual,final,2024-12-03 23:44:15.886107,-103.238,0.43401972371126707,31.115,0.3300023611273051,5484.6,1068.395914646452,smi:org.gfz-potsdam.de/geofon/NonLinLoc,smi:org.gfz-potsdam.de/geofon/PB1D-20170918-topoLV,659.4825294051498,498.8131463036913,659.4825294051498,84.58222760040252,2029461.350501506,556332.4404969253,806566.1538201546,171.12642303984472,-114.7548124812973,81.88150395512889,25,19,,13,,0.2,59.0,81.0,-,0.1,0.2,0.1,1.7,0.2,ML,trimmed_mean,9,confirmed
texnet2024zada,earthquake,known,TX,manual,final,2024-12-21 19:50:52.836758,-103.307,0.623525627916578,31.235,0.529838932032549,4869.4,847.1200536882793,smi:org.gfz-potsdam.de/geofon/NonLinLoc,smi:org.gfz-potsdam.de/geofon/PB1D-20170918-topoLV,1152.7892301514973,459.3016946941023,1152.7892301514973,51.42215031007885,1941393.523032399,558041.6410043285,903401.9592713512,40.18905374380063,-143.59927809561285,96.35300619013915,44,13,,9,,0.1,65.0,103.0,-,0.0,0.1,8.993203677595344e+27,1.6,0.2,ML,trimmed_mean,14,confirmed
